loc,image1,image2,image3,image4,image5,stefan
11,1638525270249.jpg,1638525283559.jpg,1638525306900.jpg,1638525317033.jpg,1638525327292.jpg,4
11,1642660749942.jpg,1642660773116.jpg,1642660792953.jpg,1642660804540.jpg,1642660831081.jpg,4
11,1646117300053.jpg,1646117309681.jpg,1646117321138.jpg,1646117334390.jpg,1646117369467.jpg,4
19,1638519175551.jpg,1638519185450.jpg,1638519196014.jpg,1638519206614.jpg,1638519215506.jpg,1
19,1642663350233.jpg,1642663379608.jpg,1642663391243.jpg,1642663402581.jpg,1642663418001.jpg,1
19,1646120577709.jpg,1646120589372.jpg,1646120596610.jpg,1646120608978.jpg,1646120616600.jpg,1
27,1638515404430.jpg,1638515419984.jpg,1638515434783.jpg,1638515457216.jpg,1638515477186.jpg,4
27,1642666033700.jpg,1642666062254.jpg,1642666081450.jpg,1642666146713.jpg,1642666158931.jpg,2
27,1646122296480.jpg,1646122380708.jpg,1646122393120.jpg,1646122403997.jpg,1646122418345.jpg,3
29,1638510070378.jpg,1638510092220.jpg,1638510108874.jpg,1638510136927.jpg,1638510157401.jpg,1
29,1642666765933.jpg,1642666788112.jpg,1642666802590.jpg,1642666811776.jpg,1642666825286.jpg,1
29,1646122955714.jpg,1646122962969.jpg,1646122974810.jpg,1646122981399.jpg,1646122990878.jpg,1
57,1638851909795.jpg,1638851934065.jpg,1638851949211.jpg,1638851961327.jpg,1638851975809.jpg,5
57,1642678882118.jpg,1642678893654.jpg,1642678904365.jpg,1642678915623.jpg,1642678937676.jpg,5
57,1646129061437.jpg,1646129071186.jpg,1646129078263.jpg,1646129085271.jpg,1646129090954.jpg,5
64,1638850247009.jpg,1638850270388.jpg,1638850282560.jpg,1638850300065.jpg,1638850328729.jpg,4
64,1642680975404.jpg,1642680985251.jpg,1642680997639.jpg,1642681006409.jpg,1642681021435.jpg,3
64,1646130310706.jpg,1646130322681.jpg,1646130329508.jpg,1646130340585.jpg,1646130348623.jpg,3
70,1638799763451.jpg,1638799776387.jpg,1638799791018.jpg,1638799806088.jpg,1638799839854.jpg,1
70,1642571785613.jpg,1642571803590.jpg,1642571830568.jpg,1642571856202.jpg,1642571873404.jpg,1
70,1646195090601.jpg,1646195102522.jpg,1646195112168.jpg,1646195124055.jpg,1646195137497.jpg,1
89,1638803232846.jpg,1638803245611.jpg,1638803265016.jpg,1638803335636.jpg,1638803348042.jpg,5
89,1642578360091.jpg,1642578383780.jpg,1642578416441.jpg,1642578454912.jpg,1642578484942.jpg,1
89,1646198277707.jpg,1646198302377.jpg,1646198322717.jpg,1646198342189.jpg,1646198357689.jpg,3
100,1637132164695.jpg,1637132187480.jpg,1637132226988.jpg,1637132251901.jpg,1637132291835.jpg,2
100,1642582401485.jpg,1642582429675.jpg,1642582463191.jpg,1642582482870.jpg,1642582502023.jpg,2
100,1646200633929.jpg,1646200653518.jpg,1646200669663.jpg,1646200681019.jpg,1646200689669.jpg,1
159,1638596194287.jpg,1638596209301.jpg,1638596221450.jpg,1638596250760.jpg,1638596262130.jpg,5
159,1642758961341.jpg,1642758971796.jpg,1642758983454.jpg,1642758992722.jpg,1642759002596.jpg,4
159,1646210413529.jpg,1646210422305.jpg,1646210447060.jpg,1646210456050.jpg,1646210468502.jpg,3
203,1639554839928.jpg,1639554850724.jpg,1639554861516.jpg,1639554871559.jpg,1639554881725.jpg,2
203,1642746984868.jpg,1642747003488.jpg,1642747016287.jpg,1642747028634.jpg,1642747040540.jpg,1
203,1646199761480.jpg,1646199770728.jpg,1646199778470.jpg,1646199792699.jpg,1646199800238.jpg,2
240,1639149299815.jpg,1639149310940.jpg,1639149322618.jpg,1639149331384.jpg,1639149343322.jpg,1
240,1642763457236.jpg,1642763468111.jpg,1642763478171.jpg,1642763490514.jpg,1642763509859.jpg,1
240,1646206891985.jpg,1646206901240.jpg,1646206907243.jpg,1646206919344.jpg,1646206930413.jpg,3
266,1639027663217.jpg,1639027677992.jpg,1639027699466.jpg,1639027709910.jpg,1639027729680.jpg,3
266,1642780359710.jpg,1642780367491.jpg,1642780375066.jpg,1642780382315.jpg,1642780396859.jpg,2
266,1646223869962.jpg,1646223821914.jpg,1646223829432.jpg,1646223838065.jpg,1646223845141.jpg,1
317,1639220508403.jpg,1639220528213.jpg,1639220627711.jpg,1639220552843.jpg,1639220572937.jpg,1
317,1642941967913.jpg,1642941976275.jpg,1642941983084.jpg,1642941992506.jpg,1642942000284.jpg,1
317,1646304328805.jpg,1646304335141.jpg,1646304342313.jpg,1646304351557.jpg,1646304366258.jpg,2
378,1637160651558.jpg,1637160679114.jpg,1637160694997.jpg,1637160715094.jpg,1637160766218.jpg,2
378,1642661188948.jpg,1642661215019.jpg,1642661232346.jpg,1642661250603.jpg,1642661267769.jpg,1
378,1646119489032.jpg,1646119502236.jpg,1646119515643.jpg,1646119533059.jpg,1646119552326.jpg,1
404,1639752387948.jpg,1639752397768.jpg,1639752406314.jpg,1639752461659.jpg,1639752696414.jpg,3
404,1642673970878.jpg,1642673982049.jpg,1642673996580.jpg,1642674007894.jpg,1642674018155.jpg,1
404,1646125542618.jpg,1646125553398.jpg,1646125562861.jpg,1646125570600.jpg,1646125580293.jpg,2
416,1637216560077.jpg,1637216577451.jpg,1637216593562.jpg,1637216612186.jpg,1637216630649.jpg,4
416,1642676282883.jpg,1642676347579.jpg,1642676354049.jpg,1642676362578.jpg,1642676370535.jpg,1
416,1646127765390.jpg,1646127784608.jpg,1646127791837.jpg,1646127804749.jpg,1646127824126.jpg,1
463,1637900094568.jpg,1637900113408.jpg,1637900133886.jpg,1637900145560.jpg,1637900166333.jpg,1
463,1642868006912.jpg,1642868019824.jpg,1642868032874.jpg,1642868047240.jpg,1642868082644.jpg,1
463,1646803712982.jpg,1646803719501.jpg,1646803733573.jpg,1646803757377.jpg,1646803772890.jpg,1
464,1637900301481.jpg,1637900323928.jpg,1637900338840.jpg,1637900361347.jpg,1637900389595.jpg,1
464,1642868205694.jpg,1642868229618.jpg,1642868246986.jpg,1642868277866.jpg,1642868295409.jpg,1
464,1646803880014.jpg,1646803886818.jpg,1646803894969.jpg,1646803904284.jpg,1646803920566.jpg,1
495,1637905874558.jpg,1637905901337.jpg,1637905918020.jpg,1637905939663.jpg,1637905962326.jpg,4
495,1642692002029.jpg,1642692019359.jpg,1642692031497.jpg,1642692042204.jpg,1642692051077.jpg,2
495,1646806189126.jpg,1646806202053.jpg,1646806209276.jpg,1646806217276.jpg,1646806228842.jpg,1
515,1639411102734.jpg,1639411123872.jpg,1639411133633.jpg,1639411147118.jpg,1639411185508.jpg,1
515,1642748268573.jpg,1642748282044.jpg,1642748297755.jpg,1642748311352.jpg,1642748329837.jpg,1
515,1646197314527.jpg,1646197356017.jpg,1646197379138.jpg,1646197390704.jpg,1646197403590.jpg,1
551,1638423044373.jpg,1638423055281.jpg,1638423104776.jpg,1638423125980.jpg,1638423137629.jpg,2
551,1642755917845.jpg,1642755933323.jpg,1642755948170.jpg,1642755959376.jpg,1642755973789.jpg,2
551,1646207705532.jpg,1646207717618.jpg,1646207732681.jpg,1646207747679.jpg,1646207761833.jpg,1
555,1638370884633.jpg,1638370901468.jpg,1638370920017.jpg,1638370933712.jpg,1638370945920.jpg,5
555,1642756854718.jpg,1642756871401.jpg,1642756886674.jpg,1642756901291.jpg,1642756915320.jpg,1
555,1646208536995.jpg,1646208554848.jpg,1646208599005.jpg,1646208616495.jpg,1646208632238.jpg,2
557,1638371241502.jpg,1638371253160.jpg,1638371263533.jpg,1638371276227.jpg,1638371290460.jpg,1
557,1642757285413.jpg,1642757302161.jpg,1642757315199.jpg,1642757327985.jpg,1642757342770.jpg,1
557,1646208941735.jpg,1646208955331.jpg,1646208967074.jpg,1646208979597.jpg,1646208992327.jpg,1
591,1639380976978.jpg,1639380988487.jpg,1639380999367.jpg,1639381012138.jpg,1639381028018.jpg,1
591,1642842874813.jpg,1642842946987.jpg,1642842959572.jpg,1642842968908.jpg,1642842977340.jpg,1
591,1646292884540.jpg,1646292894384.jpg,1646292907990.jpg,1646292923065.jpg,1646292935889.jpg,2
602,1639384706929.jpg,1639384714686.jpg,1639384721249.jpg,1639384728616.jpg,1639384748988.jpg,1
602,1642847597291.jpg,1642847606434.jpg,1642847615491.jpg,1642847630245.jpg,1642847643558.jpg,1
602,1646295927170.jpg,1646295941104.jpg,1646295952633.jpg,1646295958847.jpg,1646295967583.jpg,1
609,1639387749822.jpg,1639387759044.jpg,1639387770658.jpg,1639387787101.jpg,1639387803850.jpg,1
609,1642850733747.jpg,1642850756593.jpg,1642850767747.jpg,1642850776378.jpg,1642850804559.jpg,1
609,1646297710538.jpg,1646297717254.jpg,1646297724759.jpg,1646297743393.jpg,1646297764234.jpg,1
629,1639113823196.jpg,1639113843083.jpg,1639113858646.jpg,1639113867280.jpg,1639113887074.jpg,1
629,1643021207167.jpg,1643021219424.jpg,1643021240806.jpg,1643021254524.jpg,1643021525766.jpg,1
629,1646808728298.jpg,1646808752790.jpg,1646808771236.jpg,1646808784294.jpg,1646808800377.jpg,1
684,1639036604417.jpg,1639036631267.jpg,1639036673254.jpg,1639036690959.jpg,1639036709916.jpg,1
684,1642930039251.jpg,1642930051024.jpg,1642930063240.jpg,1642930078291.jpg,1642930095975.jpg,1
684,1646293043961.jpg,1646293056182.jpg,1646293071007.jpg,1646293083162.jpg,1646293102754.jpg,1
751,1640180166513.jpg,1640180179582.jpg,1640180190972.jpg,1640180214029.jpg,1640180235819.jpg,2
751,1642774646723.jpg,1642774669618.jpg,1642774695551.jpg,1642774713068.jpg,1642774728102.jpg,2
751,1646913658651.jpg,1646913671573.jpg,1646913680058.jpg,1646913689721.jpg,1646913700097.jpg,3
115173,1644323658579.jpg,1644323669185.jpg,1644323682208.jpg,1644323693357.jpg,1644323704442.jpg,1
401068,1647243232117.jpg,1647243240985.jpg,1647243251218.jpg,1647243260431.jpg,1647243273531.jpg,1
209049,1647419555047.jpg,1647419565954.jpg,1647419589578.jpg,1647419610557.jpg,1647419631359.jpg,1
115022,1644330979400.jpg,1644330995620.jpg,1644331022905.jpg,1644331039198.jpg,1644331066224.jpg,1
402174,1644576006194.jpg,1644576024009.jpg,1644576041242.jpg,1644576052706.jpg,1644576076974.jpg,4
203237,1647429062665.jpg,1647429071718.jpg,1647429098117.jpg,1647429119289.jpg,1647429134167.jpg,1
115042,1644327874552.jpg,1644327891825.jpg,1644327912499.jpg,1644327924194.jpg,1644327956879.jpg,3
412046,1647592601065.jpg,1647592619844.jpg,1647592638345.jpg,1647592649454.jpg,1647592676263.jpg,1
305093,1643516879736.jpg,1643516897674.jpg,1643516914715.jpg,1643516930083.jpg,1643516957372.jpg,1
103011,1643788718980.jpg,1643788729609.jpg,1643788794497.jpg,1643788804629.jpg,1643788835394.jpg,3
113085,1647944259675.jpg,1647944267575.jpg,1647944276147.jpg,1647944285210.jpg,1647944295649.jpg,3
412117,1647506705676.jpg,1647506724412.jpg,1647506730735.jpg,1647506746197.jpg,1647506755394.jpg,2
403086,1647347107743.jpg,1647347117426.jpg,1647347125226.jpg,1647347187959.jpg,1647347205599.jpg,5
202033,1643437994443.jpg,1643438003026.jpg,1643438044144.jpg,1643438059784.jpg,1643438208711.jpg,1
110041,1643441467906.jpg,1643441476267.jpg,1643441502553.jpg,1643441518456.jpg,1643441554228.jpg,1
204080,1640188833759.jpg,1640188849238.jpg,1640188873500.jpg,1640188886882.jpg,1640188896842.jpg,2
412032,1643699039481.jpg,1643699044508.jpg,1643699051285.jpg,1643699057504.jpg,1643699063939.jpg,2
304064,1643190556883.jpg,1643190586958.jpg,1643190596151.jpg,1643190610420.jpg,1643190618095.jpg,2
110064,1644390297218.jpg,1644390315823.jpg,1644390367236.jpg,1644390376849.jpg,1644390387733.jpg,5
409292,1644504407612.jpg,1644504417045.jpg,1644504425946.jpg,1644504437388.jpg,1644504456796.jpg,1
412214,1643639642606.jpg,1643639649967.jpg,1643639693996.jpg,1643639661583.jpg,1643639726743.jpg,1
302038,1647416372272.jpg,1647416377421.jpg,1647416382953.jpg,1647416388544.jpg,1647416396076.jpg,2
403144,1643441421658.jpg,1643441446527.jpg,1643441454728.jpg,1643441459772.jpg,1643441477551.jpg,2
406106,1647686620463.jpg,1647686628000.jpg,1647686637379.jpg,1647686648506.jpg,1647686656122.jpg,3
106030,1639063466707.jpg,1639063483372.jpg,1639063497633.jpg,1639063509204.jpg,1639063524283.jpg,1
103072,1643299090506.jpg,1643299174679.jpg,1643299195451.jpg,1643299218108.jpg,1643299230485.jpg,2
103077,1647933334561.jpg,1647933339297.jpg,1647933346438.jpg,1647933353124.jpg,1647933362908.jpg,2
304024,1643272687833.jpg,1643272696175.jpg,1643272706526.jpg,1643272711888.jpg,1643272717904.jpg,1
302075,1647413422436.jpg,1647413427428.jpg,1647413446275.jpg,1647413457644.jpg,1647413464486.jpg,1
305025,1647340010902.jpg,1647340017172.jpg,1647340027581.jpg,1647340043840.jpg,1647340055966.jpg,1
