,image1,image2,image3,image4,image5,loc_dirty,Is there trash?,Is there garbage?,Is there waste?,Is there junk?,Is there residue?,Is there rubbish?,Is there a lot of trash?,Is there a lot of garbage?,Is there a lot of waste?,Is there a lot of junk?,Is there a lot of residue?,Is there a lot of rubbish?,Is there any type of trash?,Is there any type of garbage?,Is there any type of waste?,Is there any type of junk?,Is there any type of residue?,Is there any type of rubbish?,Are there any bottles on the ground?,Are there any bags on the ground?,Is there any plastic on the ground?,Is there any paper on the ground?,Are thre any leaves on the ground?,Are there plants on the ground?,Are there any branches on the ground?,Is there any metal on the ground?,Are there any packages on the ground?,Is there any stuff on the ground?,Are there any times on the ground?,Are there any objects on the ground?,Is there anything in the water?,Are there small items on the ground?,Is there a lot of water?,Is there water?,Is there grass?,Is there sand?,Are there buildings?,Are there structures?,Are there bricks?,Are there walls?,Is the ground empty?,Is the ground sand?,Are there stones?,Is there concrete,Is the ground clean?,Are there shadows on the ground?,Are there dark and light areas on the ground?,Are there houses?,Does the ground have different colors?,Are there people?,Are there clothes?,Is there laundry?,Are there animals?,Are there birds?,Are there trees?,nlvr_class1,nlvr_class2,nlvr_class3,nlvr_class4,nlvr_class5
0,1640579203504.jpg,1640579208606.jpg,1640579217348.jpg,1640579227198.jpg,1640579263327.jpg,3,0.6,0.6,1.0,0.4,1.0,0.8,0.4,0.2,0.4,0.4,1.0,0.4,0.4,0.4,0.6,0.4,1.0,0.6,0.2,0.2,0.4,0.6,0.6,0.8,0.8,0.4,0.2,1.0,1.0,1.0,0.2,1.0,1.0,0.8,1.0,0.6,0.8,0.4,1.0,0.8,1.0,0.0,1.0,0.4,1.0,0.8,0.0,0.8,0.6,1.0,1.0,1.0,0.4,0.2,0.4,4.814634740352631,4.716585040092468,4.6194988489151,4.364506661891937,4.612686812877655
1,1640579610659.jpg,1640579627503.jpg,1640579673835.jpg,1640579684677.jpg,1640579697027.jpg,0,0.4,0.4,0.4,0.2,1.0,0.4,0.0,0.0,0.0,0.0,0.8,0.2,0.4,0.4,0.2,0.2,0.8,0.2,0.0,0.2,0.4,0.0,0.0,0.0,0.2,0.0,0.2,1.0,0.8,1.0,0.6,1.0,0.8,0.8,1.0,0.0,0.6,0.6,0.8,0.8,0.6,0.0,0.6,1.0,0.8,0.8,0.2,0.8,1.0,1.0,1.0,0.8,0.4,0.2,0.8,1.4283547157538123,1.297815656522289,1.2244016656186432,1.2096382048912346,1.960344584658742
2,1640580161247.jpg,1640580167274.jpg,1640580182718.jpg,1640580191623.jpg,1640580197665.jpg,1,0.2,0.4,0.8,0.4,1.0,0.2,0.2,0.2,0.4,0.2,0.4,0.2,0.2,0.2,0.4,0.2,0.6,0.2,0.4,0.2,0.4,0.6,0.0,0.2,1.0,0.6,0.2,1.0,0.4,1.0,0.0,1.0,1.0,1.0,0.0,0.8,0.6,0.4,0.4,0.4,0.6,0.8,0.8,0.4,0.6,0.6,0.0,0.6,1.0,1.0,1.0,0.8,1.0,0.6,0.8,2.1556525480700657,2.1224334206199273,2.110846660914831,2.0760193527676165,2.320042669773102
3,1640580719963.jpg,1640580724746.jpg,1640580731747.jpg,1640580743444.jpg,1640580752869.jpg,0,0.6,0.6,0.8,0.6,1.0,0.8,0.4,0.4,0.4,0.4,1.0,0.4,0.6,0.6,0.8,0.6,1.0,0.8,0.2,0.6,0.8,0.8,0.0,0.0,0.0,0.8,0.8,1.0,1.0,0.8,0.2,1.0,1.0,0.6,1.0,0.0,0.8,0.2,0.4,0.6,0.4,0.0,0.4,0.2,1.0,0.6,0.0,1.0,0.8,1.0,1.0,1.0,0.8,1.0,0.8,2.8890455327928066,2.7966919895261526,2.7068785186856985,2.482864685356617,2.9055255204439163
4,1640581262015.jpg,1640581266425.jpg,1640581272709.jpg,1640581279507.jpg,1640581299326.jpg,0,0.6,0.6,0.8,0.0,1.0,1.0,0.0,0.0,0.0,0.0,1.0,0.0,0.2,0.0,0.4,0.0,1.0,0.2,0.8,0.0,0.4,0.4,0.4,0.0,0.0,0.4,0.2,1.0,0.8,1.0,0.2,1.0,1.0,1.0,1.0,0.0,0.6,0.4,0.8,0.2,0.2,0.0,0.8,0.2,1.0,0.6,0.0,1.0,0.6,1.0,1.0,0.8,0.8,0.6,0.6,3.4789933562278748,3.2363613843917847,3.1019770950078964,2.9214625358581543,3.591391921043396
5,1640581601648.jpg,1640581609512.jpg,1640581616864.jpg,1640581622720.jpg,1640581632032.jpg,2,0.6,0.6,0.6,0.0,1.0,0.6,0.4,0.2,0.4,0.0,0.6,0.4,0.4,0.4,0.8,0.0,1.0,0.4,0.4,0.0,0.6,0.4,0.8,1.0,1.0,0.4,0.0,1.0,0.6,1.0,0.4,1.0,1.0,0.8,0.2,0.4,0.2,0.2,0.2,0.4,1.0,0.4,0.8,0.4,1.0,0.6,0.0,0.8,0.8,1.0,1.0,0.8,0.8,0.2,0.4,2.5113326138816774,2.3577483259141445,2.2612898452207446,2.1483080331236124,2.6810793094336987
6,1640581920242.jpg,1640581926658.jpg,1640581943585.jpg,1640581966138.jpg,1640582096559.jpg,0,0.6,0.6,0.8,0.4,1.0,0.8,0.4,0.2,0.0,0.0,1.0,0.6,0.6,0.6,0.6,0.6,1.0,0.6,0.0,0.2,0.6,0.4,0.0,0.2,0.2,0.6,0.4,1.0,1.0,1.0,0.2,1.0,1.0,0.8,1.0,0.0,0.6,0.4,0.4,0.2,0.0,0.0,0.4,0.0,1.0,0.4,0.0,0.8,0.6,1.0,1.0,1.0,0.8,0.2,0.4,2.006866763229482,1.9648681072285399,1.9328203675104305,1.8530281276907772,2.035289190709591
7,1640582526916.jpg,1640582534099.jpg,1640582546024.jpg,1640582555722.jpg,1640582568187.jpg,5,1.0,1.0,1.0,1.0,1.0,1.0,1.0,1.0,1.0,0.8,1.0,0.8,1.0,1.0,1.0,0.8,1.0,0.8,0.6,0.0,0.6,0.6,0.8,1.0,1.0,0.8,0.4,1.0,0.8,1.0,0.0,1.0,1.0,0.6,0.6,0.0,0.8,0.2,0.2,0.8,1.0,0.0,0.0,0.6,1.0,0.4,0.0,1.0,0.0,0.8,1.0,0.8,0.6,0.2,0.4,4.923698902130127,4.885838866233826,4.841719031333923,4.704149663448334,4.811754405498505
8,1640583240836.jpg,1640583248115.jpg,1640583256318.jpg,1640583264899.jpg,1640583270472.jpg,0,0.2,0.2,0.2,0.2,1.0,0.2,0.2,0.2,0.2,0.0,0.8,0.0,0.0,0.0,0.0,0.2,0.8,0.0,0.2,0.0,0.0,0.0,0.0,0.0,0.4,0.2,0.0,1.0,0.6,1.0,0.2,1.0,0.8,0.8,0.8,0.0,0.2,0.2,0.8,0.4,0.2,0.0,0.8,0.6,1.0,1.0,0.0,0.4,0.6,0.8,0.6,1.0,0.4,0.2,0.2,1.6026020639110357,1.512238146038726,1.457876976346597,1.397647485602647,1.7911231517791748
9,1640584208313.jpg,1640584214505.jpg,1640584226446.jpg,1640584232569.jpg,1640584241235.jpg,3,0.8,1.0,1.0,0.6,1.0,1.0,0.6,0.6,0.8,0.6,1.0,0.8,0.6,0.8,1.0,0.8,1.0,0.6,0.2,0.2,1.0,0.8,1.0,1.0,1.0,0.4,0.2,1.0,0.2,1.0,0.4,1.0,0.8,0.4,0.6,0.0,0.6,0.2,0.4,0.6,0.8,0.0,0.4,0.4,1.0,0.6,0.0,0.4,0.4,1.0,0.8,0.6,1.0,0.8,0.4,4.7905113697052,4.676308035850525,4.578899025917053,4.3110164403915405,4.555960834026337
10,1640584798704.jpg,1640584804866.jpg,1640584813868.jpg,1640584820422.jpg,1640584836811.jpg,1,0.2,0.4,0.6,0.2,1.0,0.6,0.2,0.0,0.0,0.0,0.4,0.2,0.2,0.2,0.2,0.2,0.6,0.2,0.2,0.0,0.6,0.8,0.0,0.4,1.0,0.4,0.2,1.0,0.4,1.0,0.0,1.0,1.0,0.8,0.6,0.0,0.8,0.2,0.6,0.6,0.2,0.0,0.8,0.2,0.6,0.4,0.0,1.0,1.0,1.0,1.0,1.0,0.4,0.4,0.2,0.9426350990543142,0.8977866102941334,0.8700839001685381,0.8662943644449115,1.2372834719717503
11,1640585297918.jpg,1640585302909.jpg,1640585313299.jpg,1640585331297.jpg,1640585339349.jpg,1,0.4,0.4,0.2,0.0,1.0,0.2,0.0,0.0,0.0,0.0,0.6,0.0,0.0,0.0,0.0,0.0,0.8,0.0,0.0,0.0,0.0,0.4,0.0,0.0,0.2,0.0,0.0,1.0,0.4,0.6,0.2,0.8,0.8,0.8,0.8,0.0,0.6,0.4,0.8,0.2,0.6,0.0,1.0,0.4,0.8,0.6,0.0,0.6,1.0,0.8,1.0,1.0,0.8,0.6,0.2,0.016163163003511727,0.01730754366144538,0.0196756673976779,0.035654844250530005,0.22170717269182205
12,1640585660869.jpg,1640585669615.jpg,1640585678591.jpg,1640585689444.jpg,1640585710665.jpg,6,1.0,1.0,1.0,1.0,1.0,1.0,1.0,1.0,1.0,1.0,1.0,1.0,1.0,1.0,1.0,1.0,1.0,1.0,0.6,0.2,1.0,1.0,0.4,0.8,1.0,0.6,0.6,1.0,0.6,1.0,0.0,1.0,1.0,0.6,1.0,0.0,0.8,0.2,0.8,0.6,1.0,0.0,0.2,0.2,1.0,0.2,0.0,1.0,0.0,1.0,1.0,1.0,0.4,0.4,0.2,4.968993186950684,4.95279335975647,4.930404245853424,4.849181413650513,4.899059355258942
13,1640586274980.jpg,1640586280564.jpg,1640586295687.jpg,1640586314755.jpg,1640586321257.jpg,0,0.8,0.8,0.8,0.2,1.0,0.8,0.4,0.2,0.4,0.2,1.0,0.4,0.8,0.8,0.6,0.4,1.0,0.8,0.4,0.0,0.6,0.8,0.0,0.0,0.6,0.4,0.2,1.0,0.8,0.8,0.2,0.8,1.0,0.8,1.0,0.0,0.6,0.0,1.0,0.4,0.2,0.0,1.0,0.2,1.0,0.6,0.0,0.6,0.8,0.8,0.8,1.0,0.8,0.6,0.2,1.5521873327088542,1.4455392627278343,1.3545640843221918,1.1984353847801685,1.6901098191738129
14,1640586605583.jpg,1640586611241.jpg,1640586617030.jpg,1640586628155.jpg,1640586649057.jpg,5,0.8,0.8,1.0,0.4,1.0,0.8,0.8,0.4,0.8,0.2,1.0,0.6,0.8,0.8,1.0,0.4,1.0,0.8,0.4,0.0,0.6,1.0,0.6,1.0,1.0,0.6,0.0,1.0,0.0,1.0,0.2,1.0,0.8,0.2,0.4,0.6,0.8,0.6,0.6,0.8,0.8,0.6,0.2,0.6,1.0,0.0,0.0,0.8,0.2,1.0,1.0,1.0,0.8,0.8,0.2,3.1096042841672897,2.992686875164509,2.902232613414526,2.7427445463836193,3.307490885257721
15,1640587037861.jpg,1640587043939.jpg,1640587048695.jpg,1640587052709.jpg,1640587062089.jpg,0,1.0,1.0,1.0,1.0,1.0,1.0,0.8,0.8,0.8,0.6,1.0,0.8,1.0,1.0,1.0,1.0,1.0,1.0,0.8,0.4,0.8,0.8,0.6,0.6,0.8,0.8,0.8,1.0,0.6,1.0,0.6,1.0,0.8,0.2,0.6,0.4,0.6,0.2,0.2,0.4,1.0,0.2,0.2,0.2,1.0,0.4,0.0,0.6,0.8,1.0,0.4,0.6,0.6,0.0,0.8,2.3904283489100635,2.3026084273587912,2.268352914834395,2.216071395203471,2.57935182005167
16,1640587588681.jpg,1640587595782.jpg,1640587603888.jpg,1640587614125.jpg,1640587621863.jpg,0,0.2,0.2,0.2,0.0,0.8,0.4,0.0,0.0,0.0,0.0,0.4,0.0,0.0,0.2,0.0,0.0,0.6,0.2,0.2,0.0,0.2,0.2,0.0,0.4,0.0,0.2,0.2,1.0,0.4,1.0,0.0,1.0,0.8,0.8,0.8,0.4,0.4,0.4,0.6,0.2,0.6,0.4,0.0,0.2,0.6,1.0,0.2,0.8,0.2,0.8,0.6,0.8,0.4,0.6,0.2,2.9694172143936157,2.8958815410733223,2.8291935324668884,2.740373108536005,3.3582343459129333
17,1640588007444.jpg,1640588020313.jpg,1640588065850.jpg,1640588117825.jpg,1640588164107.jpg,1,0.8,0.8,0.6,0.0,1.0,0.8,0.0,0.0,0.0,0.0,0.8,0.0,0.0,0.0,0.0,0.0,0.8,0.2,0.0,0.0,0.0,0.4,0.2,0.4,0.2,0.0,0.0,0.8,0.2,1.0,0.0,0.8,1.0,1.0,1.0,0.0,0.4,0.4,1.0,0.2,0.2,0.0,0.8,0.0,0.8,0.4,0.2,0.4,1.0,1.0,1.0,1.0,0.2,0.4,0.4,0.1277416340308264,0.12400494969915599,0.12673181621357799,0.17428911104798317,0.6833461206406355
18,1640588698733.jpg,1640588703602.jpg,1640588717509.jpg,1640588763703.jpg,1640588781744.jpg,1,0.2,0.4,0.4,0.0,1.0,0.4,0.0,0.0,0.0,0.0,1.0,0.0,0.0,0.0,0.0,0.0,1.0,0.2,0.2,0.0,0.2,0.6,0.2,0.2,0.6,0.4,0.2,1.0,0.6,1.0,0.2,1.0,1.0,0.8,1.0,0.0,0.8,0.4,0.6,0.2,0.6,0.0,0.8,0.2,0.8,0.2,0.0,0.8,0.6,0.8,0.8,1.0,0.6,0.2,0.4,1.8994600827572867,1.8523562137270346,1.811907957890071,1.7590430844575167,1.9781867638230324
19,1640589145256.jpg,1640589154655.jpg,1640589172049.jpg,1640589178620.jpg,1640589212833.jpg,1,1.0,1.0,1.0,0.2,1.0,1.0,0.8,0.4,0.8,0.2,1.0,0.8,1.0,0.8,1.0,0.2,1.0,0.8,0.8,0.0,1.0,1.0,1.0,0.4,0.6,0.8,0.2,1.0,0.8,1.0,0.0,1.0,1.0,1.0,1.0,0.0,0.4,0.4,0.8,0.4,0.8,0.0,0.6,0.2,1.0,0.2,0.2,0.6,0.2,1.0,1.0,1.0,0.4,0.4,0.2,3.9338589906692505,3.817187264561653,3.753719687461853,3.683278262615204,4.105224609375
20,1640589468887.jpg,1640589473876.jpg,1640589535150.jpg,1640589545973.jpg,1640589566380.jpg,1,0.8,0.8,1.0,0.0,0.8,1.0,0.4,0.2,0.4,0.0,0.8,0.4,0.8,0.8,0.8,0.0,0.8,0.4,0.4,0.0,0.8,1.0,0.6,1.0,0.8,0.2,0.2,1.0,0.2,1.0,0.2,1.0,1.0,0.6,0.2,0.2,0.4,0.4,0.8,0.4,1.0,0.2,0.4,0.2,1.0,0.6,0.0,0.4,0.8,0.8,0.4,0.8,0.6,0.4,0.2,0.6280461675487459,0.5642996579408646,0.5346896671690047,0.5465719113126397,0.9952468723058701
21,1640590229307.jpg,1640590234308.jpg,1640590257329.jpg,1640590266555.jpg,1640590285802.jpg,1,1.0,1.0,1.0,0.8,1.0,0.8,0.4,0.4,0.6,0.4,1.0,0.8,0.8,1.0,1.0,0.8,1.0,0.8,0.6,0.0,1.0,1.0,0.2,0.0,0.6,0.6,0.2,1.0,0.6,1.0,0.2,1.0,0.8,0.8,1.0,0.4,0.4,0.4,1.0,0.4,0.8,0.2,0.4,0.0,1.0,0.4,0.2,0.8,0.6,1.0,1.0,0.8,0.4,0.6,0.6,4.39314141869545,4.288441985845566,4.238119810819626,4.137350171804428,4.40334352850914
22,1640590776758.jpg,1640590796798.jpg,1640590808536.jpg,1640590830689.jpg,1640590838389.jpg,1,0.6,0.6,0.4,0.0,1.0,1.0,0.2,0.2,0.2,0.0,0.6,0.4,0.6,0.6,0.2,0.0,0.6,0.4,0.4,0.2,0.4,0.6,0.2,0.4,0.6,0.0,0.2,1.0,0.8,1.0,0.6,1.0,0.8,0.4,0.8,0.2,0.6,0.0,0.6,0.2,0.4,0.2,0.4,0.2,0.6,0.8,0.0,0.8,0.6,0.8,0.8,0.8,0.4,0.0,0.2,1.0233594346791506,1.0119204150978476,1.0061845076270401,0.9936074852012098,1.149227824062109
23,1640591787356.jpg,1640591792416.jpg,1640591798100.jpg,1640591802276.jpg,1640591806622.jpg,2,0.0,0.0,0.4,0.0,0.6,0.0,0.0,0.0,0.0,0.0,0.6,0.0,0.0,0.0,0.0,0.0,0.4,0.0,0.0,0.0,0.2,0.2,0.4,0.6,0.6,0.0,0.0,1.0,0.0,0.6,0.0,1.0,1.0,0.8,0.0,0.8,0.6,0.4,0.8,0.2,0.6,0.8,1.0,1.0,0.8,0.8,0.0,0.8,0.0,1.0,1.0,1.0,0.6,0.6,0.2,1.5045859923120588,1.3923738966695964,1.3179242494516075,1.226777539588511,1.8343685567378998
24,1640592164523.jpg,1640592173441.jpg,1640592186341.jpg,1640592191451.jpg,1640592200979.jpg,6,0.8,0.8,1.0,0.4,1.0,0.8,0.4,0.2,0.4,0.2,1.0,0.4,0.6,0.6,1.0,0.6,1.0,0.6,0.4,0.0,0.8,0.4,0.8,0.6,0.8,0.4,0.4,1.0,0.4,1.0,0.0,1.0,1.0,0.6,0.8,0.0,0.8,0.0,0.4,0.4,0.8,0.0,0.6,0.4,1.0,0.4,0.0,0.8,0.6,1.0,1.0,0.8,1.0,0.8,0.0,1.5190672343596816,1.4446749575436115,1.4132434451021254,1.4164020475000143,1.9704205319285393
25,1640592586793.jpg,1640592592457.jpg,1640592598595.jpg,1640592602896.jpg,1640592607481.jpg,6,0.2,0.2,0.6,0.2,1.0,0.6,0.2,0.2,0.2,0.2,0.6,0.2,0.2,0.2,0.2,0.2,0.8,0.2,0.0,0.0,0.2,0.4,0.2,0.6,0.6,0.0,0.0,1.0,0.2,1.0,0.0,1.0,1.0,1.0,1.0,0.2,0.8,0.6,0.8,0.6,0.8,0.0,0.6,0.4,1.0,0.6,0.0,0.8,0.6,1.0,0.6,0.8,0.6,0.6,0.4,2.4253737330436707,2.3675880283117294,2.346801497042179,2.3423684909939766,2.965962588787079
26,1640593119272.jpg,1640593124279.jpg,1640593130992.jpg,1640593135000.jpg,1640593141748.jpg,4,0.6,0.6,0.8,0.6,0.8,0.6,0.4,0.4,0.4,0.4,0.8,0.4,0.6,0.6,0.8,0.6,0.8,0.6,0.2,0.0,0.4,0.8,0.2,1.0,0.8,0.2,0.2,0.8,0.2,0.8,0.0,0.8,0.8,0.6,0.0,0.4,0.8,0.4,0.6,0.8,1.0,0.4,0.6,0.2,0.8,0.4,0.0,0.6,0.4,1.0,1.0,0.8,0.6,0.4,0.6,1.0957280127331614,1.032514967955649,1.0004849433898926,0.9656487442553043,1.4290097430348396
27,1640593505549.jpg,1640593512251.jpg,1640593528160.jpg,1640593540910.jpg,1640593561590.jpg,1,0.4,0.4,0.4,0.0,0.6,0.4,0.0,0.0,0.0,0.0,0.2,0.0,0.2,0.4,0.0,0.0,0.6,0.0,0.0,0.0,0.4,0.2,0.0,0.4,0.2,0.2,0.0,0.8,0.4,0.4,0.0,0.8,1.0,0.8,0.8,0.2,0.2,0.4,0.6,0.4,0.4,0.4,0.8,0.0,0.2,0.6,0.6,0.8,0.8,0.8,0.8,1.0,0.8,0.4,0.2,0.046809336345177144,0.04518443415872753,0.04780525551177561,0.07050204370170832,0.3792352080345154
28,1640593874606.jpg,1640593904016.jpg,1640594041776.jpg,1640594050329.jpg,1640594059470.jpg,0,0.6,0.6,0.6,0.2,1.0,0.8,0.0,0.0,0.4,0.2,0.8,0.2,0.6,0.6,0.6,0.4,0.8,0.8,0.4,0.8,0.6,0.6,0.2,0.4,0.4,0.6,0.6,1.0,0.8,1.0,0.2,1.0,1.0,0.8,1.0,0.2,0.4,0.2,0.6,0.4,0.2,0.0,0.6,0.0,0.8,0.0,0.0,0.6,0.8,1.0,0.8,0.6,0.6,0.4,0.2,1.277153846109286,1.08216146111954,0.9805064669344574,0.7909325188957155,1.3031977340579033
29,1640594782505.jpg,1640594790830.jpg,1640594799818.jpg,1640594812301.jpg,1640594828474.jpg,5,1.0,1.0,1.0,1.0,1.0,1.0,1.0,1.0,1.0,1.0,1.0,1.0,1.0,1.0,1.0,1.0,1.0,1.0,1.0,0.6,1.0,1.0,0.8,0.6,1.0,0.8,1.0,1.0,1.0,1.0,0.0,1.0,1.0,1.0,1.0,0.2,0.8,0.0,0.8,1.0,1.0,0.2,0.0,0.4,1.0,0.6,0.0,1.0,0.0,1.0,0.8,0.4,0.4,0.2,0.8,4.981222093105316,4.96905916929245,4.9517117738723755,4.873236358165741,4.906011164188385
30,1640595315246.jpg,1640595324123.jpg,1640595330508.jpg,1640595341248.jpg,1640595350085.jpg,0,0.4,0.4,0.6,0.0,0.8,0.2,0.0,0.0,0.2,0.0,0.6,0.0,0.4,0.4,0.4,0.0,1.0,0.0,0.4,0.2,0.6,0.4,0.2,0.4,1.0,0.6,0.0,1.0,0.2,0.8,0.0,0.8,1.0,1.0,1.0,0.4,0.4,0.2,0.8,0.2,0.0,0.2,0.4,0.0,1.0,0.0,0.0,0.8,1.0,1.0,0.8,0.8,1.0,0.6,0.4,0.05252973805181682,0.04483614210039377,0.04620142304338515,0.057018439285457134,0.2903256695717573
31,1640595674406.jpg,1640595679709.jpg,1640595693336.jpg,1640595700043.jpg,1640595705505.jpg,1,0.8,0.4,0.8,0.2,0.8,0.6,0.2,0.2,0.2,0.2,0.8,0.4,0.4,0.2,0.4,0.2,0.8,0.4,0.2,0.0,0.4,0.2,0.4,0.4,0.8,0.2,0.0,1.0,0.4,0.8,0.4,0.8,1.0,1.0,1.0,0.2,0.4,0.4,0.4,0.2,0.4,0.0,0.4,0.2,1.0,0.0,0.0,0.6,0.6,1.0,1.0,1.0,0.8,0.4,0.0,1.4456535584758967,1.2628520803991705,1.177047667093575,1.056053787469864,1.7677587531507015
32,1640596903861.jpg,1640596915915.jpg,1640596925471.jpg,1640596934507.jpg,1640596941515.jpg,0,0.0,0.2,0.0,0.0,0.2,0.0,0.0,0.0,0.0,0.0,0.2,0.0,0.0,0.0,0.0,0.0,0.2,0.0,0.0,0.0,0.2,0.0,0.0,0.0,0.0,0.4,0.2,0.8,0.0,0.2,0.2,0.6,1.0,1.0,1.0,0.2,0.2,0.2,0.8,0.2,0.2,0.2,0.6,0.2,0.8,0.4,0.8,0.4,0.8,1.0,1.0,1.0,0.6,0.6,0.4,0.016007981030270457,0.017187921330332756,0.01978662866167724,0.04123600944876671,0.2851969748735428
33,1640598027174.jpg,1640598033464.jpg,1640598038916.jpg,1640598046694.jpg,1640598052157.jpg,2,0.6,0.4,0.8,0.0,1.0,1.0,0.0,0.0,0.0,0.0,0.6,0.0,0.4,0.4,0.6,0.0,0.8,0.2,0.0,0.0,0.8,0.6,0.0,0.6,0.4,1.0,0.2,1.0,0.2,0.8,0.2,1.0,1.0,0.6,0.2,0.0,0.6,0.2,1.0,0.6,0.0,0.0,0.6,0.0,0.8,0.2,0.2,0.8,0.8,1.0,1.0,1.0,0.4,0.6,0.2,0.6726674252422526,0.5897242845967412,0.5468180032912642,0.511756494641304,0.9200722631067038
34,1640599124027.jpg,1640599129772.jpg,1640599141433.jpg,1640599149870.jpg,1640599171608.jpg,5,1.0,1.0,1.0,0.2,1.0,1.0,0.8,0.8,0.6,0.0,1.0,0.8,1.0,1.0,1.0,0.2,1.0,0.6,0.2,0.0,0.8,1.0,0.2,0.4,0.6,0.4,0.0,1.0,0.2,1.0,0.8,0.8,0.8,0.0,0.2,0.2,0.6,0.2,0.8,1.0,0.8,0.2,0.6,0.4,1.0,0.0,0.6,0.8,0.2,1.0,1.0,0.6,0.8,0.2,0.2,0.614464103244245,0.5736359690781683,0.5545107412617654,0.6249579270370305,1.4661302119493484
35,1640599459158.jpg,1640599467840.jpg,1640599483810.jpg,1640599492624.jpg,1640599500653.jpg,1,1.0,1.0,1.0,0.0,1.0,1.0,0.4,0.2,0.4,0.0,1.0,0.6,1.0,1.0,1.0,0.0,1.0,0.6,0.2,0.0,0.6,0.4,0.0,0.4,0.6,0.4,0.0,1.0,0.2,0.8,1.0,0.8,1.0,0.0,0.2,0.0,0.2,0.2,0.8,0.6,0.8,0.2,0.4,0.4,1.0,0.4,0.4,0.2,0.0,1.0,1.0,0.8,0.6,0.4,0.0,0.8541432993952185,0.7615154166705906,0.7124203173443675,0.6755398148670793,1.2355494238436222
36,1640602816992.jpg,1640602822918.jpg,1640602827981.jpg,1640602832982.jpg,1640602837938.jpg,2,0.0,0.0,0.4,0.0,0.2,0.0,0.0,0.0,0.0,0.0,0.0,0.0,0.0,0.0,0.0,0.0,0.0,0.0,0.0,0.0,0.2,0.0,0.2,1.0,0.2,0.0,0.0,1.0,0.0,0.4,0.0,0.0,1.0,0.4,0.0,1.0,0.8,0.6,1.0,1.0,1.0,1.0,0.8,0.8,0.2,0.8,0.2,0.8,0.2,1.0,1.0,1.0,1.0,1.0,0.2,0.8967801295220852,0.6915552522987127,0.6153520997613668,0.46103273890912533,0.9531586207449436
37,1640604146200.jpg,1640604151269.jpg,1640604156045.jpg,1640604160223.jpg,1640604165853.jpg,2,0.4,0.4,0.6,0.2,0.8,0.4,0.0,0.0,0.0,0.0,0.4,0.0,0.2,0.0,0.2,0.2,0.8,0.2,0.2,0.0,0.0,0.4,0.0,1.0,1.0,0.0,0.0,1.0,0.0,1.0,0.0,0.4,1.0,1.0,0.0,0.2,0.8,0.4,1.0,1.0,1.0,0.2,0.6,1.0,1.0,0.8,0.0,0.8,0.4,1.0,1.0,1.0,0.2,0.4,0.2,0.46288223937153816,0.4191450756043196,0.40913049411028624,0.4728935146704316,1.3238057643175125
38,1640604624395.jpg,1640604629677.jpg,1640604635476.jpg,1640604641055.jpg,1640604663458.jpg,2,0.2,0.2,0.4,0.2,0.0,0.2,0.2,0.2,0.2,0.0,0.0,0.2,0.2,0.2,0.2,0.0,0.0,0.2,0.0,0.0,0.0,0.0,0.0,1.0,0.6,0.0,0.0,1.0,0.0,0.6,0.0,0.0,1.0,1.0,0.0,1.0,0.8,0.8,0.8,0.8,0.8,1.0,1.0,0.8,0.0,1.0,0.2,0.8,0.6,1.0,1.0,0.8,0.2,0.8,0.0,0.20293926307931542,0.1763247586786747,0.17145128967240453,0.17572199739515781,0.5776397213339806
39,1640607809048.jpg,1640607814519.jpg,1640607822079.jpg,1640607827319.jpg,1640607832530.jpg,3,0.0,0.0,0.4,0.0,0.6,0.0,0.0,0.0,0.0,0.0,0.4,0.0,0.0,0.0,0.2,0.0,0.6,0.0,0.2,0.0,0.4,0.2,0.0,1.0,0.8,0.2,0.0,1.0,0.0,0.6,0.2,0.8,1.0,0.8,0.0,0.8,0.4,0.4,1.0,1.0,0.6,0.6,0.8,0.8,0.6,1.0,0.0,0.6,0.4,1.0,1.0,1.0,0.6,1.0,0.2,1.0040338141843677,0.8827404803596437,0.8331014774739742,0.8484223582781851,1.7218712642788887
40,1640608161463.jpg,1640608167100.jpg,1640608176545.jpg,1640608184615.jpg,1640608190064.jpg,1,0.2,0.4,0.4,0.2,0.8,0.2,0.0,0.0,0.0,0.0,0.4,0.0,0.2,0.4,0.4,0.2,0.4,0.2,0.4,0.2,0.6,0.6,0.0,0.8,0.8,0.2,0.0,1.0,0.4,0.8,0.0,0.8,1.0,1.0,0.0,0.6,0.8,0.8,0.4,0.8,0.4,0.8,0.4,0.8,0.4,0.4,0.0,0.8,0.4,1.0,0.8,1.0,0.4,0.6,0.2,0.8819221798330545,0.7958705574274063,0.7586563881486654,0.8239938300102949,1.7331633418798447
41,1640610267470.jpg,1640610273325.jpg,1640610282953.jpg,1640610295198.jpg,1640610312240.jpg,6,1.0,1.0,1.0,0.8,1.0,1.0,1.0,0.8,1.0,0.4,1.0,1.0,1.0,1.0,1.0,1.0,1.0,1.0,0.8,0.2,0.8,1.0,1.0,1.0,1.0,0.8,0.6,1.0,0.6,1.0,0.6,1.0,1.0,0.6,0.4,0.2,1.0,0.6,1.0,0.8,0.8,0.0,0.4,1.0,1.0,0.2,0.0,0.8,0.2,1.0,1.0,0.8,0.2,0.0,0.4,3.8850317001342773,3.675552397966385,3.527688443660736,3.3935784995555878,4.106576502323151
42,1640610524401.jpg,1640610534759.jpg,1640610547847.jpg,1640610558715.jpg,1640610579463.jpg,4,1.0,1.0,1.0,0.2,1.0,0.8,0.8,0.8,0.8,0.2,0.8,0.6,1.0,1.0,1.0,0.4,0.8,0.6,0.6,0.4,0.8,0.8,0.6,1.0,1.0,0.4,0.4,1.0,0.2,0.8,0.4,0.8,0.8,0.2,0.0,0.4,0.6,0.4,0.2,0.8,1.0,0.2,0.2,0.4,0.8,0.6,0.0,0.6,0.0,1.0,1.0,0.8,0.8,0.4,0.6,4.2369837164878845,4.039761304855347,3.9102988243103027,3.6594190895557404,4.1557533740997314
43,1640611021855.jpg,1640611028193.jpg,1640611034705.jpg,1640611042708.jpg,1640611084734.jpg,6,0.6,0.6,0.8,0.4,0.8,0.6,0.2,0.2,0.4,0.0,0.2,0.2,0.4,0.4,0.6,0.0,0.6,0.0,0.4,0.0,0.4,0.4,0.2,1.0,0.8,0.2,0.2,1.0,0.4,0.8,0.4,0.8,0.8,0.6,0.0,0.8,0.6,0.6,0.8,1.0,0.6,0.8,0.4,0.4,0.6,0.4,0.0,0.8,0.2,1.0,1.0,0.8,0.6,0.4,0.8,2.53877891600132,2.363589696586132,2.2665384486317635,2.0881293937563896,2.863009810447693
44,1638849854326.jpg,1638849877317.jpg,1638849900812.jpg,1638849912969.jpg,1638849947303.jpg,6,0.8,0.8,1.0,0.4,0.8,0.6,0.2,0.2,0.2,0.0,0.6,0.4,0.8,0.8,0.4,0.4,0.8,0.4,0.2,0.0,0.2,0.6,0.4,1.0,1.0,0.2,0.0,1.0,0.0,1.0,0.2,0.8,0.8,0.6,0.2,0.0,0.0,0.0,0.8,0.4,0.6,0.0,0.4,0.0,1.0,0.4,0.2,0.0,0.8,1.0,1.0,1.0,0.6,0.4,0.0,2.1484008533880115,2.422172401100397,2.0373296942561865,2.170688256621361,2.782303400337696
45,1638850247009.jpg,1638850270388.jpg,1638850282560.jpg,1638850300065.jpg,1638850328729.jpg,3,0.4,0.4,0.6,0.4,1.0,0.6,0.2,0.2,0.2,0.2,0.6,0.2,0.4,0.4,0.4,0.2,1.0,0.2,0.4,0.0,0.4,0.4,0.2,0.4,1.0,0.4,0.2,1.0,0.6,1.0,0.0,1.0,1.0,0.6,1.0,0.0,0.0,0.0,1.0,0.4,0.8,0.0,0.8,0.6,1.0,0.0,0.0,0.0,0.8,0.4,0.6,0.4,0.4,0.2,0.0,1.4698872598819435,1.5955011886544526,1.4283946873620152,1.4673632942140102,1.806467529386282
46,1638850447765.jpg,1638850457983.jpg,1638850468692.jpg,1638850479375.jpg,1638850527077.jpg,3,1.0,1.0,1.0,0.8,1.0,1.0,0.8,0.6,0.8,0.6,0.8,0.6,0.8,0.8,1.0,0.8,1.0,0.8,0.2,0.0,0.2,0.6,0.8,0.8,1.0,0.2,0.2,1.0,0.2,1.0,0.0,1.0,1.0,0.8,0.6,0.0,0.4,0.0,0.6,0.4,0.8,0.0,0.6,0.4,1.0,0.2,0.2,0.4,1.0,1.0,1.0,0.8,0.4,0.4,0.0,3.2092280528740957,3.3336561240721494,3.101340430555865,3.0252089835703373,3.3075208850204945
47,1638850640914.jpg,1638850665368.jpg,1638850675895.jpg,1638850688799.jpg,1638850699109.jpg,1,0.8,0.8,1.0,0.2,1.0,1.0,0.2,0.0,0.2,0.0,1.0,0.2,0.6,0.6,0.6,0.2,1.0,0.8,0.4,0.2,0.8,0.8,0.2,0.6,0.6,0.0,0.2,1.0,1.0,1.0,0.2,1.0,1.0,0.2,0.8,0.0,0.2,0.0,0.6,0.2,1.0,0.0,0.8,0.6,1.0,0.2,0.2,0.0,0.8,0.6,0.6,0.6,0.6,0.6,0.0,1.7510798019357026,1.8549167681485415,1.6594143770635128,1.6851901048794389,1.9517416805028915
48,1638850817979.jpg,1638850829160.jpg,1638850843745.jpg,1638850859091.jpg,1638850872559.jpg,4,0.8,0.8,1.0,0.6,1.0,0.8,0.2,0.2,0.4,0.0,1.0,0.4,0.8,0.6,0.6,0.6,1.0,0.8,0.0,0.2,0.6,0.8,1.0,0.8,1.0,0.4,0.4,1.0,0.4,1.0,0.0,1.0,1.0,0.6,0.8,0.0,0.0,0.0,0.8,0.4,0.6,0.0,1.0,0.4,1.0,0.2,0.0,0.0,0.8,1.0,0.6,0.4,0.8,0.8,0.0,3.666626900434494,3.9075517654418945,3.451857089996338,3.3209877610206604,3.727845251560211
49,1638850978262.jpg,1638850989304.jpg,1638851057180.jpg,1638851025350.jpg,1638851036757.jpg,0,0.6,0.6,0.6,0.4,0.8,0.8,0.2,0.2,0.2,0.0,0.6,0.4,0.4,0.6,0.6,0.2,0.8,0.4,0.0,0.0,0.4,0.4,0.2,0.2,0.8,0.6,0.2,1.0,0.0,0.8,0.2,0.8,0.8,0.6,0.8,0.0,0.0,0.0,0.4,0.0,0.6,0.0,0.6,0.4,1.0,0.0,0.0,0.0,0.8,0.8,0.6,0.6,0.6,0.4,0.0,2.1594206877052784,2.3726127727422863,1.9466231665574014,1.8150854334235191,2.211961705237627
50,1638851180947.jpg,1638851196790.jpg,1638851222958.jpg,1638851233989.jpg,1638851249605.jpg,0,0.6,0.8,0.6,0.2,0.8,0.4,0.0,0.0,0.2,0.0,0.0,0.2,0.6,0.6,0.2,0.2,0.8,0.2,0.4,0.2,0.4,0.4,0.0,0.0,0.0,0.0,0.2,0.8,0.6,0.8,0.0,0.6,1.0,0.8,1.0,0.0,0.0,0.0,0.6,0.0,0.2,0.0,1.0,0.0,1.0,0.2,0.0,0.4,1.0,0.8,0.6,0.6,0.8,0.6,0.0,0.7845484507270157,0.8982443374115974,0.7539458118844777,0.8518523178063333,1.2250846400856972
51,1638851407750.jpg,1638851428463.jpg,1638851465546.jpg,1638851495085.jpg,1638851506310.jpg,1,1.0,1.0,1.0,0.6,1.0,1.0,0.8,0.8,1.0,0.6,1.0,0.8,1.0,1.0,1.0,0.6,1.0,1.0,0.6,0.4,0.8,0.8,0.6,0.4,0.8,0.2,0.6,1.0,0.8,1.0,0.0,1.0,1.0,1.0,0.6,0.2,0.4,0.0,0.6,0.0,0.8,0.0,0.4,0.0,1.0,0.4,0.0,0.4,0.6,0.4,0.4,0.4,0.6,0.2,0.0,4.687507808208466,4.772248089313507,4.534607350826263,4.389242947101593,4.590366780757904
52,1638851600269.jpg,1638851617191.jpg,1638851638035.jpg,1638851649215.jpg,1638851662836.jpg,2,1.0,1.0,1.0,0.6,1.0,1.0,0.8,0.6,0.6,0.2,1.0,0.8,1.0,1.0,1.0,0.6,1.0,1.0,0.6,0.2,1.0,0.8,0.6,0.8,1.0,0.6,0.6,1.0,0.8,0.8,0.4,0.8,0.8,0.4,0.8,0.0,0.4,0.0,0.2,0.0,0.8,0.0,0.4,0.2,1.0,0.0,0.0,0.6,0.4,1.0,0.8,0.8,0.2,0.4,0.2,2.907694101333618,3.229814440011978,2.6971162259578705,2.670545309782028,3.296589434146881
53,1638851909795.jpg,1638851934065.jpg,1638851949211.jpg,1638851961327.jpg,1638851975809.jpg,2,1.0,1.0,1.0,1.0,1.0,1.0,1.0,0.8,0.6,0.4,1.0,0.8,1.0,1.0,1.0,1.0,1.0,0.8,0.0,0.0,0.6,0.8,0.6,0.4,1.0,0.8,0.2,1.0,0.2,1.0,0.0,1.0,1.0,0.2,1.0,0.0,0.2,0.0,0.8,0.4,0.2,0.0,0.8,0.4,1.0,0.0,0.0,0.4,0.8,0.8,0.8,0.2,0.8,0.8,0.0,2.7043303744867444,2.8435733476653695,2.6311010140925646,2.6463148230686784,2.994089988991618
54,1638852208054.jpg,1638852222998.jpg,1638852239887.jpg,1638852266683.jpg,1638852281235.jpg,2,1.0,0.8,0.6,0.2,1.0,0.8,0.4,0.2,0.4,0.2,1.0,0.4,0.6,0.6,0.4,0.2,1.0,0.6,0.0,0.0,0.2,0.6,0.4,0.6,0.6,0.4,0.0,1.0,0.2,0.8,0.2,0.8,0.8,0.4,1.0,0.0,0.0,0.0,1.0,0.0,0.6,0.0,0.6,0.0,1.0,0.0,0.0,0.2,0.8,0.8,0.8,0.8,0.8,0.4,0.0,1.9322997404378839,2.0165930973598734,1.8619615009520203,1.8566192341968417,2.1115128230303526
55,1638852504340.jpg,1638852516886.jpg,1638852533435.jpg,1638852557358.jpg,1638852587891.jpg,6,1.0,1.0,1.0,0.8,1.0,1.0,0.8,0.6,0.6,0.4,1.0,0.8,1.0,1.0,0.8,0.8,1.0,0.8,0.6,0.2,0.6,0.6,0.4,0.2,0.8,0.6,0.2,1.0,0.4,1.0,0.2,1.0,1.0,0.2,1.0,0.0,0.2,0.0,0.8,0.0,0.8,0.0,1.0,0.0,1.0,0.4,0.4,0.2,0.8,1.0,0.8,0.4,0.4,0.4,0.0,3.07077550329268,3.2082271445542574,2.9549300093203783,2.920538853853941,3.183253601193428
56,1638852755880.jpg,1638852775289.jpg,1638852792883.jpg,1638852807601.jpg,1638852820185.jpg,2,0.8,0.8,0.8,0.2,1.0,0.8,0.8,0.2,0.4,0.2,1.0,0.6,0.4,0.6,0.4,0.2,1.0,0.6,0.4,0.0,0.4,0.8,0.6,0.8,0.8,0.4,0.2,1.0,0.2,1.0,0.0,1.0,1.0,0.8,0.6,0.2,0.2,0.0,0.2,0.0,0.6,0.0,0.4,0.4,1.0,0.4,0.2,0.2,0.8,0.8,0.8,0.6,0.6,0.6,0.0,2.044434570125304,2.077979671303183,2.0492282145423815,2.093421397730708,2.28891733661294
57,1638853048847.jpg,1638853063272.jpg,1638853079926.jpg,1638853093192.jpg,1638853104600.jpg,3,0.6,0.8,0.6,0.4,1.0,0.8,0.6,0.4,0.4,0.2,1.0,0.4,0.6,0.6,0.6,0.4,1.0,0.4,0.2,0.2,0.2,0.6,0.0,0.4,1.0,0.0,0.2,1.0,0.2,0.8,0.0,1.0,1.0,0.6,0.6,0.0,0.0,0.0,0.4,0.4,0.8,0.0,0.4,0.4,1.0,0.2,0.6,0.2,0.8,1.0,0.4,0.4,0.4,0.4,0.0,2.312347345519811,2.429718684637919,2.2431855543982238,2.2388410954736173,2.4925860222429037
58,1638853336263.jpg,1638853349449.jpg,1638853368642.jpg,1638853384462.jpg,1638853398846.jpg,2,0.6,0.6,0.8,0.4,1.0,0.8,0.2,0.2,0.4,0.0,0.8,0.4,0.4,0.6,0.6,0.6,0.8,0.4,0.6,0.0,0.6,0.8,0.6,0.6,0.8,0.6,0.0,1.0,0.6,1.0,0.0,1.0,1.0,0.2,0.8,0.0,0.2,0.0,0.8,0.4,1.0,0.0,0.6,0.8,1.0,0.4,0.4,0.2,0.8,0.8,0.6,0.6,0.4,0.2,0.0,0.10279346443712711,0.1614660620689392,0.1281502314377576,0.20021852478384972,0.4340481460094452
59,1638853577715.jpg,1638853591687.jpg,1638853602585.jpg,1638853617615.jpg,1638853638826.jpg,2,0.6,0.6,0.6,0.2,1.0,0.8,0.0,0.0,0.0,0.0,1.0,0.2,0.2,0.2,0.2,0.2,1.0,0.4,0.0,0.0,0.2,0.6,0.2,0.6,0.8,0.0,0.0,1.0,0.2,1.0,0.2,1.0,0.8,0.4,0.8,0.0,0.0,0.0,0.8,0.0,0.4,0.0,0.6,0.4,1.0,0.0,0.0,0.0,0.8,0.4,0.6,0.6,1.0,0.6,0.0,0.10708066658116877,0.1706173005513847,0.13298624847084284,0.1970884706825018,0.43665891140699387
60,1638853807147.jpg,1638853825988.jpg,1638853842942.jpg,1638853857768.jpg,1638853881514.jpg,7,0.8,0.8,1.0,0.4,1.0,0.6,0.4,0.4,0.4,0.4,1.0,0.6,0.4,0.6,0.4,0.4,1.0,0.4,0.4,0.2,0.8,0.6,0.4,0.4,1.0,0.6,0.4,1.0,0.4,1.0,0.2,1.0,1.0,0.2,1.0,0.0,0.0,0.0,0.4,0.4,0.6,0.0,0.4,0.2,1.0,0.2,0.0,0.0,0.4,0.6,0.4,0.4,0.4,0.6,0.0,2.892641616985202,3.1059875395148993,2.6790693067014217,2.543770346790552,2.971339151263237
61,1638854042445.jpg,1638854059727.jpg,1638854077111.jpg,1638854092809.jpg,1638854111433.jpg,4,1.0,1.0,1.0,0.6,1.0,1.0,0.8,0.8,0.6,0.2,1.0,1.0,1.0,1.0,0.8,0.6,1.0,0.8,0.6,0.0,1.0,1.0,0.2,0.2,0.8,0.6,0.0,1.0,0.2,1.0,0.0,1.0,1.0,0.4,1.0,0.0,0.0,0.0,0.8,0.0,0.8,0.0,0.4,0.2,1.0,0.2,0.2,0.0,1.0,0.8,0.8,0.6,0.0,0.6,0.0,1.3999661579728127,1.8355263620615005,1.2429881542921066,1.2285752668976784,1.9625497609376907
62,1638854370729.jpg,1638854382156.jpg,1638854424515.jpg,1638854451787.jpg,1638854480516.jpg,10,1.0,1.0,1.0,1.0,1.0,1.0,0.8,0.8,1.0,0.8,1.0,0.8,1.0,1.0,1.0,1.0,1.0,1.0,0.8,0.0,0.6,0.8,0.8,0.6,0.8,0.2,0.2,1.0,0.4,1.0,0.2,1.0,1.0,0.8,0.4,0.2,0.0,0.0,0.8,0.4,1.0,0.0,0.8,0.6,1.0,0.0,0.2,0.0,0.2,0.8,0.6,0.2,0.0,0.2,0.0,3.121644362807274,3.321279387921095,2.968015357851982,2.8982249796390533,3.327905759215355
63,1638854621883.jpg,1638854646315.jpg,1638854657075.jpg,1638854674564.jpg,1638854692694.jpg,6,0.6,0.8,0.6,0.6,1.0,0.8,0.4,0.4,0.4,0.4,0.8,0.8,0.6,0.6,0.6,0.6,1.0,0.6,0.6,0.2,1.0,0.8,0.0,0.2,0.6,0.8,0.2,1.0,0.6,1.0,0.0,1.0,1.0,0.8,0.8,0.0,0.0,0.0,0.6,0.4,0.4,0.0,0.2,0.2,1.0,0.2,0.2,0.0,0.8,0.8,0.6,0.6,0.0,0.2,0.0,2.104558208025992,2.362599197193049,1.9716395905707031,1.9758629482239485,2.4992504492402077
64,1638854843805.jpg,1638854861213.jpg,1638854874555.jpg,1638854888072.jpg,1638854898775.jpg,9,0.8,0.8,1.0,0.2,1.0,1.0,0.6,0.2,0.4,0.2,0.6,0.6,0.8,0.8,0.8,0.2,0.8,0.6,0.4,0.0,0.6,0.2,0.4,1.0,1.0,0.2,0.0,1.0,0.2,1.0,0.0,1.0,0.8,0.0,0.8,0.0,0.0,0.0,0.4,0.0,0.8,0.0,0.6,0.4,0.8,0.0,0.0,0.2,0.0,0.8,0.8,0.4,0.6,0.6,0.0,1.1300615954678506,1.2456303797662258,1.1032097921706736,1.1695603942498565,1.4878302086144686
65,1638855043330.jpg,1638855054587.jpg,1638855069824.jpg,1638855085055.jpg,1638855127072.jpg,1,0.8,0.8,0.8,0.4,1.0,0.8,0.2,0.2,0.4,0.0,1.0,0.4,0.8,0.8,0.8,0.4,1.0,0.8,0.8,0.4,0.8,0.8,0.4,0.2,0.6,0.4,0.6,1.0,0.6,0.8,0.4,1.0,1.0,0.6,1.0,0.0,0.0,0.0,0.2,0.0,0.4,0.0,0.0,0.0,0.8,0.0,0.2,0.0,0.8,1.0,0.6,0.4,0.8,0.2,0.0,2.407718793489039,2.6464138304581866,2.2718494557775557,2.2978428192436695,2.8102090284228325
66,1638855298760.jpg,1638855314448.jpg,1638855330117.jpg,1638855340912.jpg,1638855372310.jpg,3,1.0,1.0,1.0,0.4,1.0,1.0,1.0,0.8,0.6,0.2,1.0,1.0,1.0,1.0,0.8,0.4,1.0,0.8,0.2,0.0,0.6,0.6,0.8,0.8,1.0,0.4,0.2,1.0,0.4,1.0,0.4,1.0,0.8,0.6,0.8,0.0,0.2,0.2,0.2,0.0,0.6,0.0,0.2,0.0,1.0,0.2,0.0,0.2,0.2,0.8,0.8,0.4,0.6,0.6,0.0,2.4519828095217235,2.5830329532618634,2.3196133916499093,2.2358305007219315,2.5208311825990677
67,1638855497802.jpg,1638855519796.jpg,1638855531993.jpg,1638855544953.jpg,1638855563196.jpg,2,0.8,1.0,1.0,0.4,1.0,1.0,0.6,0.4,0.6,0.2,1.0,0.4,0.8,0.8,1.0,0.4,1.0,0.6,0.6,0.2,0.6,0.6,0.4,0.8,1.0,0.6,0.2,1.0,0.2,1.0,0.6,1.0,1.0,0.4,0.6,0.2,0.4,0.0,1.0,0.6,1.0,0.0,0.6,0.4,1.0,0.4,0.0,0.4,0.6,0.6,0.6,0.4,0.4,0.4,0.0,3.098569765686989,3.363464593887329,2.8974065482616425,2.7847049832344055,3.202510267496109
68,1638855690220.jpg,1638855712007.jpg,1638855736922.jpg,1638855751671.jpg,1638855772316.jpg,3,0.6,0.6,0.6,0.2,1.0,0.8,0.2,0.0,0.4,0.0,0.8,0.2,0.4,0.6,0.6,0.2,1.0,0.2,0.4,0.0,0.6,0.8,0.4,0.4,1.0,0.2,0.0,1.0,0.2,1.0,0.4,1.0,1.0,0.6,0.8,0.0,0.2,0.0,0.8,0.6,0.8,0.0,0.8,0.4,1.0,0.0,0.0,0.2,0.8,1.0,1.0,0.4,0.6,0.4,0.0,1.4528678175993264,1.6502718774136156,1.409776350716129,1.5143760684877634,1.9815246611833572
69,1638855924767.jpg,1638855941887.jpg,1638855966816.jpg,1638855980342.jpg,1638856000332.jpg,9,1.0,1.0,1.0,1.0,1.0,1.0,1.0,1.0,1.0,0.6,1.0,1.0,1.0,1.0,1.0,0.8,1.0,1.0,0.0,0.0,0.8,1.0,0.4,1.0,1.0,0.2,0.2,1.0,0.2,1.0,0.0,1.0,1.0,0.6,0.2,0.0,0.2,0.0,0.0,0.0,1.0,0.0,0.0,0.0,1.0,0.4,0.2,0.0,0.2,1.0,0.8,0.0,0.2,0.4,0.0,4.344299495220184,4.469324052333832,4.212627440690994,4.190311133861542,4.462872385978699
70,1638856132047.jpg,1638856147146.jpg,1638856158076.jpg,1638856173248.jpg,1638856197072.jpg,2,0.6,0.8,0.8,0.4,1.0,0.8,0.4,0.2,0.4,0.0,1.0,0.2,0.6,0.6,0.6,0.0,1.0,0.2,0.4,0.0,0.4,0.6,0.4,0.8,0.8,0.0,0.0,1.0,0.4,1.0,0.6,1.0,1.0,0.4,0.6,0.2,0.0,0.0,0.6,0.0,1.0,0.0,0.8,0.4,1.0,0.0,0.0,0.0,0.8,1.0,0.6,0.4,0.8,0.8,0.0,2.1170319344382733,2.3303759007249027,1.9947128999046981,1.9609893830493093,2.4171375036239624
71,1638856379921.jpg,1638856393419.jpg,1638856411388.jpg,1638856427261.jpg,1638856437285.jpg,3,1.0,1.0,1.0,0.2,1.0,1.0,0.4,0.4,0.4,0.2,1.0,0.6,0.8,1.0,0.8,0.2,1.0,0.8,0.2,0.0,0.8,0.8,0.4,0.8,0.8,0.6,0.0,1.0,0.0,1.0,0.0,1.0,1.0,0.6,0.6,0.0,0.2,0.0,0.6,0.4,1.0,0.0,0.4,0.4,1.0,0.0,0.0,0.4,0.6,1.0,0.6,0.2,0.8,0.4,0.0,2.9384994078427553,3.011450451798737,2.8306745374575257,2.723544107750058,2.937907360494137
72,1638856607168.jpg,1638856622542.jpg,1638856636796.jpg,1638856648813.jpg,1638856688910.jpg,1,0.6,0.6,0.6,0.4,1.0,0.6,0.4,0.2,0.4,0.2,0.8,0.4,0.4,0.4,0.6,0.0,1.0,0.4,0.2,0.2,0.4,0.6,0.4,1.0,0.4,0.4,0.2,0.8,0.2,0.8,0.0,0.8,1.0,0.6,0.6,0.2,0.2,0.0,0.4,0.0,0.2,0.0,0.6,0.2,0.6,0.0,0.4,0.2,1.0,1.0,0.8,0.4,0.6,1.0,0.0,0.6778980397502892,0.8589006649563089,0.6478423508815467,0.7418658714741468,1.1563916467130184
73,1638856817877.jpg,1638856835627.jpg,1638856848552.jpg,1638856864852.jpg,1638856874970.jpg,4,0.8,0.8,0.8,0.8,1.0,0.8,0.8,0.6,0.6,0.4,0.8,0.8,0.8,0.8,0.6,0.8,1.0,0.8,0.2,0.0,0.6,0.8,0.0,0.8,1.0,0.2,0.0,0.8,0.0,1.0,0.2,1.0,1.0,0.0,0.4,0.0,0.0,0.0,0.4,0.4,0.8,0.0,0.2,0.6,0.8,0.0,0.0,0.0,0.4,1.0,0.4,0.2,0.2,0.4,0.0,3.69268599152565,3.7984120063483715,3.4707751870155334,3.309881180524826,3.6680610179901123
74,1638857028568.jpg,1638857046226.jpg,1638857077534.jpg,1638857101456.jpg,1638857126446.jpg,1,1.0,1.0,1.0,0.6,1.0,1.0,0.6,0.2,0.6,0.0,1.0,0.6,0.8,1.0,0.8,0.4,1.0,0.8,0.2,0.4,1.0,0.8,0.2,0.2,1.0,0.2,0.2,1.0,0.2,1.0,0.8,1.0,1.0,0.4,1.0,0.0,0.0,0.0,0.6,0.2,0.2,0.0,0.6,0.0,1.0,0.0,0.0,0.2,0.8,0.8,0.8,0.0,0.4,0.6,0.0,1.9153319332981482,2.098369329003617,1.8443633292336017,1.874003130942583,2.2820768132805824
75,1638857286588.jpg,1638857310997.jpg,1638857320288.jpg,1638857339298.jpg,1638857361036.jpg,3,1.0,1.0,1.0,0.6,1.0,1.0,0.8,0.8,0.6,0.4,1.0,0.8,0.8,0.8,0.8,0.4,1.0,0.8,0.4,0.2,0.6,0.8,0.2,1.0,1.0,0.0,0.0,1.0,0.4,1.0,0.2,1.0,1.0,0.2,0.6,0.0,0.4,0.2,0.4,0.6,1.0,0.0,0.0,0.8,1.0,0.2,0.2,0.6,0.0,1.0,1.0,0.8,0.6,0.2,0.2,2.5279653059551492,2.6429772455012426,2.420880608726293,2.414549936540425,2.728334791958332
76,1638857545073.jpg,1638857559219.jpg,1638857581986.jpg,1638857597815.jpg,1638857628911.jpg,2,0.8,0.8,0.8,0.2,0.8,0.8,0.2,0.2,0.4,0.0,0.8,0.4,0.8,0.4,0.6,0.0,0.8,0.4,0.2,0.0,0.8,0.8,0.2,0.6,0.4,0.4,0.2,1.0,0.4,0.8,0.0,1.0,1.0,0.4,0.4,0.0,0.2,0.0,0.2,0.2,0.4,0.0,0.2,0.0,0.8,0.2,0.0,0.4,0.4,0.8,0.8,0.8,0.8,0.2,0.0,0.9377376576885581,1.1546175787225366,0.859349662438035,0.8951432351022959,1.3800421804189682
77,1638859379137.jpg,1638859399753.jpg,1638859409068.jpg,1638859425363.jpg,1638859438592.jpg,4,1.0,1.0,1.0,0.8,1.0,1.0,0.8,0.4,0.8,0.2,0.8,1.0,1.0,1.0,1.0,0.8,1.0,1.0,0.4,0.0,0.4,0.8,0.0,0.8,0.4,0.4,0.6,1.0,0.6,1.0,0.0,1.0,1.0,1.0,0.2,0.0,0.6,0.0,0.4,0.6,0.8,0.0,0.0,0.8,1.0,0.8,0.2,0.6,0.8,1.0,1.0,0.4,0.4,0.8,0.0,1.7623798524728045,1.9525906443595886,1.7109405507799238,1.7627290887758136,2.159580746665597
78,1638859557452.jpg,1638859571142.jpg,1638859580757.jpg,1638859591651.jpg,1638859605097.jpg,3,1.0,1.0,1.0,0.8,1.0,1.0,0.8,0.6,0.8,0.4,1.0,0.8,0.8,0.8,1.0,0.8,1.0,0.8,0.6,0.4,1.0,1.0,0.2,1.0,0.8,0.6,0.6,1.0,0.8,1.0,0.0,1.0,1.0,0.6,0.6,0.0,0.2,0.0,1.0,0.0,0.8,0.0,0.6,0.0,1.0,0.6,0.4,0.2,0.4,1.0,0.8,0.4,0.8,0.4,0.2,3.748397105606273,3.8078657323494554,3.6349705662578344,3.609565382823348,3.7732272129505873
79,1638890521935.jpg,1638890533308.jpg,1638890551624.jpg,1638890569105.jpg,1638890579190.jpg,1,1.0,1.0,1.0,0.4,1.0,1.0,0.4,0.4,0.4,0.2,1.0,0.4,1.0,1.0,0.6,0.4,1.0,0.6,0.2,0.0,0.4,0.4,0.2,0.0,0.4,0.4,0.0,1.0,0.6,0.8,0.0,1.0,1.0,0.2,0.6,0.2,0.0,0.0,1.0,0.2,0.4,0.0,1.0,0.0,1.0,0.4,0.2,0.2,0.8,0.8,1.0,0.8,0.8,0.8,0.2,2.0834465277730487,2.2729791529127397,1.9551757229492068,2.015118708834052,2.4303718600422144
80,1638890677065.jpg,1638890687748.jpg,1638890704044.jpg,1638890716272.jpg,1638890727664.jpg,1,1.0,1.0,1.0,0.6,1.0,1.0,0.6,0.4,0.6,0.0,1.0,0.8,1.0,0.8,0.6,0.4,1.0,0.8,0.2,0.0,0.6,0.8,0.4,0.6,0.6,0.2,0.0,1.0,0.6,1.0,0.4,1.0,0.6,0.4,0.2,0.0,0.0,0.0,0.8,0.6,0.6,0.0,0.6,0.0,1.0,0.6,0.2,0.0,1.0,0.6,0.4,0.8,0.6,0.4,0.0,1.3735770201310515,1.5377204846590757,1.4055100968107581,1.50375821813941,1.9470319859683514
81,1638890807195.jpg,1638890816464.jpg,1638890828033.jpg,1638890841945.jpg,1638890854024.jpg,2,1.0,1.0,1.0,1.0,1.0,1.0,1.0,0.8,1.0,0.6,1.0,1.0,1.0,1.0,1.0,1.0,1.0,1.0,0.8,0.0,1.0,1.0,0.4,0.4,1.0,0.6,0.6,1.0,0.6,1.0,0.2,1.0,1.0,0.6,0.6,0.0,0.0,0.0,1.0,0.4,1.0,0.0,0.6,0.2,1.0,0.8,0.6,0.0,0.6,0.6,0.6,0.8,0.4,0.4,0.0,4.4688849449157715,4.5958786606788635,4.235169887542725,4.079876184463501,4.406858801841736
82,1638890936667.jpg,1638890952455.jpg,1638890968604.jpg,1638890988170.jpg,1638891006933.jpg,2,0.8,0.8,0.8,0.6,1.0,1.0,0.6,0.6,0.4,0.4,1.0,0.6,0.6,0.6,0.8,0.6,1.0,0.6,0.4,0.0,0.2,0.8,0.2,0.2,0.6,0.4,0.2,1.0,0.4,1.0,0.0,1.0,1.0,0.8,0.2,0.2,0.0,0.0,1.0,0.2,0.8,0.2,0.8,0.4,1.0,0.4,0.4,0.2,1.0,0.8,0.4,0.4,0.8,0.8,0.0,4.562038481235504,4.667121350765228,4.345947742462158,4.230555951595306,4.5072410106658936
83,1638891097836.jpg,1638891152768.jpg,1638891140063.jpg,1638891169811.jpg,1638891205568.jpg,3,0.8,0.8,0.8,0.4,0.8,1.0,0.6,0.2,0.2,0.2,1.0,0.6,0.6,0.6,0.4,0.4,0.8,0.4,0.0,0.0,0.0,0.6,0.0,0.4,0.2,0.0,0.2,1.0,0.2,1.0,0.0,1.0,1.0,1.0,0.2,0.2,0.0,0.0,0.8,0.0,0.2,0.0,1.0,0.0,1.0,0.8,0.4,0.2,1.0,0.2,0.4,0.4,0.6,0.0,0.2,3.633380651473999,3.9057244658470154,3.323667675256729,3.0859205424785614,3.5752370357513428
84,1638891288461.jpg,1638891303624.jpg,1638891325693.jpg,1638891350651.jpg,1638891366975.jpg,0,0.6,0.6,0.4,0.2,1.0,0.4,0.0,0.0,0.0,0.0,0.8,0.0,0.4,0.4,0.4,0.2,0.8,0.0,0.2,0.2,0.2,0.2,0.0,0.0,0.2,0.0,0.2,1.0,0.2,0.8,0.0,0.8,0.8,0.6,0.4,0.0,0.0,0.0,0.6,0.0,0.6,0.0,0.8,0.4,1.0,0.6,0.0,0.0,1.0,0.4,0.4,0.6,0.6,0.4,0.2,1.7036930173635483,2.000865027308464,1.5445300675928593,1.5034733936190605,2.0386811047792435
85,1638891432579.jpg,1638891447786.jpg,1638891467868.jpg,1638891480167.jpg,1638891510055.jpg,0,1.0,1.0,1.0,0.6,1.0,1.0,0.6,0.4,0.8,0.2,0.8,0.8,1.0,0.6,1.0,0.4,0.8,0.8,0.2,0.4,0.8,1.0,0.0,0.4,0.2,0.2,0.4,1.0,0.4,0.8,0.0,0.8,0.8,0.4,0.2,0.0,0.0,0.0,0.8,0.2,1.0,0.0,0.8,0.0,1.0,0.4,0.4,0.0,0.8,0.4,0.4,0.4,0.2,0.6,0.4,4.475647985935211,4.617699861526489,4.181224942207336,3.9314005374908447,4.310517847537994
86,1638891598543.jpg,1638891614046.jpg,1638891627978.jpg,1638891641209.jpg,1638891673706.jpg,1,0.8,0.8,0.8,0.2,1.0,1.0,0.0,0.0,0.2,0.0,0.4,0.6,0.4,0.6,0.8,0.4,0.8,0.8,0.6,0.0,0.6,0.6,0.0,1.0,0.6,0.0,0.2,1.0,0.6,0.8,0.0,0.8,1.0,1.0,0.0,0.0,0.0,0.0,0.6,0.0,0.6,0.0,0.8,0.6,1.0,0.6,0.8,0.0,1.0,0.8,0.6,0.4,0.2,0.8,0.4,3.685224026441574,3.784396842122078,3.470472420565784,3.3080265121534467,3.5847966074943542
87,1638891902197.jpg,1638891927885.jpg,1638891949985.jpg,1638891978848.jpg,1638892000276.jpg,0,0.8,0.8,1.0,0.0,0.8,0.8,0.0,0.0,0.0,0.0,0.2,0.2,0.0,0.0,0.4,0.0,0.8,0.2,0.0,0.0,0.4,0.8,0.2,1.0,0.4,0.2,0.0,1.0,0.2,1.0,0.0,1.0,1.0,1.0,0.0,0.4,0.0,0.0,0.6,0.2,0.8,0.2,0.4,0.4,1.0,0.6,0.2,0.2,1.0,0.8,0.8,0.4,0.6,0.6,0.6,1.2141917012631893,1.5162165649235249,1.0482246056199074,0.9746929816901684,1.54160538315773
88,1638892340351.jpg,1638892351246.jpg,1638892372428.jpg,1638892391688.jpg,1638892410469.jpg,6,1.0,1.0,1.0,0.8,1.0,1.0,0.4,0.4,0.4,0.6,1.0,0.8,0.6,0.6,0.4,0.8,1.0,0.8,0.0,0.0,0.4,1.0,0.6,0.0,0.2,0.0,0.4,1.0,1.0,1.0,0.0,1.0,1.0,1.0,1.0,0.2,0.0,0.0,0.8,0.2,0.4,0.0,0.6,0.2,1.0,0.4,0.2,0.0,1.0,0.4,0.2,0.4,0.4,0.0,0.2,4.6500084400177,4.74578458070755,4.455291569232941,4.298621594905853,4.5357730984687805
89,1638892604393.jpg,1638892658146.jpg,1638892687413.jpg,1638892716004.jpg,1638892742505.jpg,8,1.0,1.0,1.0,0.8,1.0,1.0,0.4,0.4,0.6,0.4,1.0,0.6,0.4,0.6,0.8,0.8,1.0,0.8,0.4,0.0,0.4,1.0,0.8,0.8,0.8,0.0,0.2,1.0,0.6,1.0,0.0,1.0,1.0,1.0,0.0,0.0,0.0,0.0,0.6,0.0,0.8,0.0,0.8,0.6,1.0,0.6,0.0,0.2,0.8,0.6,0.6,0.4,0.6,0.8,0.0,2.855757813260425,3.0703265655320138,2.5807516023050994,2.267039006575942,2.6969542130827904
90,1638892938350.jpg,1638892963238.jpg,1638893017018.jpg,1638893033843.jpg,1638893056338.jpg,6,0.8,0.8,0.8,0.6,1.0,1.0,0.6,0.2,0.4,0.4,1.0,0.8,0.6,0.8,0.6,0.4,1.0,0.8,0.0,0.0,0.6,0.8,0.8,0.6,0.6,0.2,0.0,1.0,0.6,1.0,0.0,1.0,1.0,0.8,0.4,0.0,0.0,0.0,0.6,0.2,0.6,0.0,0.8,0.4,1.0,0.4,0.0,0.2,0.8,0.6,0.6,0.6,1.0,0.4,0.2,2.990424357354641,3.0548508630599827,2.906096363440156,2.8069911622442305,2.985036050900817
91,1638893568765.jpg,1638893583773.jpg,1638893597085.jpg,1638893629125.jpg,1638893658841.jpg,9,1.0,1.0,1.0,1.0,1.0,1.0,1.0,1.0,1.0,0.8,1.0,1.0,1.0,1.0,1.0,1.0,1.0,1.0,0.6,0.2,1.0,0.8,0.8,0.4,1.0,0.4,0.8,1.0,0.8,1.0,0.0,1.0,1.0,0.8,1.0,0.0,0.0,0.0,0.8,0.4,1.0,0.0,0.8,0.4,1.0,0.4,0.2,0.0,0.6,0.4,0.2,0.4,0.6,0.8,0.0,4.885538935661316,4.9196454882621765,4.772779643535614,4.622859299182892,4.758444786071777
92,1638894176206.jpg,1638894185793.jpg,1638894196555.jpg,1638894206166.jpg,1638894215950.jpg,10,0.0,0.0,0.0,0.0,1.0,0.0,0.0,0.0,0.0,0.0,0.4,0.0,0.0,0.0,0.0,0.0,0.8,0.0,0.0,0.0,0.0,0.0,0.0,0.0,0.0,0.0,0.0,0.2,0.0,0.0,0.4,0.0,1.0,1.0,0.8,1.0,1.0,1.0,1.0,1.0,1.0,1.0,1.0,1.0,0.4,1.0,0.2,1.0,1.0,1.0,0.2,1.0,0.0,0.0,1.0,2.221796154975891,2.5539968609809875,2.295736789703369,2.8313856720924377,3.5151108503341675
93,1639630129244.jpg,1639630139550.jpg,1639630148233.jpg,1639630156139.jpg,1639630163893.jpg,0,0.0,0.0,0.4,0.2,0.0,0.0,0.0,0.0,0.0,0.0,0.0,0.0,0.0,0.0,0.2,0.2,0.0,0.0,0.0,0.0,0.0,0.4,0.0,0.8,0.8,0.0,0.0,1.0,0.0,0.8,0.0,0.4,1.0,1.0,0.0,0.8,0.8,0.6,1.0,1.0,1.0,1.0,0.8,1.0,0.6,0.4,0.0,0.8,0.4,1.0,0.8,1.0,0.6,1.0,0.0,1.1532097050221637,1.2348425162490457,1.1354470466030762,1.1570727145299315,1.3996083438396454
94,1639630318345.jpg,1639630328109.jpg,1639630345392.jpg,1639630356261.jpg,1639630364361.jpg,0,0.0,0.4,0.6,0.2,0.8,0.2,0.0,0.0,0.0,0.0,0.4,0.0,0.0,0.0,0.2,0.2,0.8,0.2,0.2,0.0,0.4,0.6,0.4,0.8,1.0,0.4,0.0,1.0,0.2,1.0,0.0,1.0,1.0,1.0,0.2,0.8,1.0,0.6,1.0,1.0,0.8,0.8,0.6,1.0,1.0,0.0,0.0,1.0,0.6,1.0,0.8,1.0,0.4,0.6,0.0,0.948832226335071,0.9809290941338986,0.9097307620104402,0.9059173041023314,1.0393049782142043
95,1639630442764.jpg,1639630466999.jpg,1639630478173.jpg,1639630486994.jpg,1639630494393.jpg,1,0.2,0.6,1.0,0.0,0.6,0.0,0.0,0.0,0.0,0.0,0.0,0.0,0.2,0.2,0.4,0.0,0.4,0.0,0.0,0.0,0.4,0.8,0.2,1.0,1.0,0.2,0.0,1.0,0.0,0.4,0.0,0.2,1.0,0.6,0.0,1.0,1.0,0.6,0.4,1.0,0.8,1.0,0.6,0.6,1.0,0.2,0.0,1.0,0.6,0.8,0.8,1.0,0.6,0.6,0.0,0.8199331893702038,0.8948006567079574,0.7768639423884451,0.7882571979425848,0.9850337132811546
96,1639630596618.jpg,1639630605896.jpg,1639630615013.jpg,1639630622170.jpg,1639630630950.jpg,0,0.2,0.2,0.6,0.2,0.8,0.2,0.0,0.0,0.0,0.0,0.4,0.0,0.2,0.2,0.2,0.2,0.4,0.2,0.0,0.0,0.6,1.0,0.4,0.8,1.0,0.4,0.2,1.0,0.2,0.8,0.0,0.8,1.0,1.0,0.2,0.8,0.8,0.4,0.8,0.8,0.2,0.8,0.8,0.8,1.0,0.2,0.0,0.8,0.4,1.0,1.0,1.0,0.6,0.6,0.0,0.6875642889644951,0.7644248881842941,0.6504278227221221,0.7139129368588328,0.9009009711444378
97,1639630746878.jpg,1639630756692.jpg,1639630764095.jpg,1639630778021.jpg,1639630785903.jpg,0,0.2,0.4,0.6,0.0,0.4,0.2,0.0,0.0,0.0,0.0,0.0,0.0,0.2,0.2,0.4,0.0,0.0,0.0,0.0,0.0,0.4,0.4,0.0,1.0,1.0,0.2,0.0,1.0,0.0,1.0,0.0,0.4,1.0,0.8,0.0,1.0,0.6,0.4,1.0,1.0,0.8,1.0,0.6,0.8,0.6,0.2,0.0,0.8,0.6,1.0,1.0,1.0,0.6,0.8,0.0,0.07926832465454936,0.11990015587070957,0.10117046779487282,0.1600161395035684,0.3333912082016468
98,1639630917975.jpg,1639630932973.jpg,1639630943084.jpg,1639630952351.jpg,1639630962290.jpg,1,0.2,0.2,0.4,0.0,0.8,0.2,0.0,0.0,0.0,0.0,0.2,0.0,0.2,0.2,0.2,0.2,0.2,0.0,0.0,0.0,0.8,1.0,0.0,1.0,1.0,0.0,0.0,1.0,0.0,0.8,0.0,0.6,1.0,1.0,0.0,1.0,0.4,0.4,0.8,0.6,0.8,1.0,1.0,0.8,0.4,0.4,0.0,0.4,0.4,0.6,1.0,1.0,0.4,1.0,0.0,0.024036190705373883,0.03966170269995928,0.03647267119958997,0.07297063153237104,0.17551689967513084
99,1639631074538.jpg,1639631087986.jpg,1639631096503.jpg,1639631108253.jpg,1639631117525.jpg,1,0.4,0.6,0.8,0.0,0.8,0.6,0.0,0.0,0.0,0.0,0.8,0.0,0.2,0.2,0.6,0.0,0.8,0.0,0.0,0.0,0.4,0.8,0.2,1.0,0.8,0.0,0.0,1.0,0.2,0.8,0.2,0.6,1.0,0.4,0.0,0.0,0.6,0.2,1.0,1.0,0.8,0.0,1.0,0.8,1.0,0.4,0.2,0.6,0.8,1.0,0.8,1.0,0.6,1.0,0.0,0.06925920466892421,0.1106874393299222,0.09143628203310072,0.15149519685655832,0.34961820021271706
100,1639631197394.jpg,1639631274938.jpg,1639631229723.jpg,1639631243500.jpg,1639631250775.jpg,1,0.2,0.0,0.6,0.0,0.4,0.4,0.2,0.0,0.0,0.0,0.4,0.0,0.2,0.0,0.2,0.0,0.4,0.0,0.0,0.0,0.0,0.4,0.0,1.0,0.8,0.2,0.0,1.0,0.2,0.8,0.0,0.8,1.0,1.0,0.0,0.4,0.2,0.0,0.8,0.2,1.0,0.4,1.0,0.8,1.0,0.4,0.2,0.2,0.8,1.0,1.0,1.0,0.8,0.8,0.2,2.2614751971850637,2.3741122791543603,2.1737551727565005,2.1717044124379754,2.464715253561735