Unnamed: 0,image1,image2,image3,image4,image5,loc_dirty,loc_id,Is there trash?,Is there garbage?,Is there waste?,Is there junk?,Is there residue?,Is there rubbish?,Is there a lot of trash?,Is there a lot of garbage?,Is there a lot of waste?,Is there a lot of junk?,Is there a lot of residue?,Is there a lot of rubbish?,Is there any type of trash?,Is there any type of garbage?,Is there any type of waste?,Is there any type of junk?,Is there any type of residue?,Is there any type of rubbish?,Are there any bottles on the ground?,Are there any bags on the ground?,Is there any plastic on the ground?,Is there any paper on the ground?,Are thre any leaves on the ground?,Are there plants on the ground?,Are there any branches on the ground?,Is there any metal on the ground?,Are there any packages on the ground?,Is there any stuff on the ground?,Are there any times on the ground?,Are there any objects on the ground?,Is there anything in the water?,Are there small items on the ground?,Is there a lot of water?,Is there water?,Is there grass?,Is there sand?,Are there buildings?,Are there structures?,Are there bricks?,Are there walls?,Is the ground empty?,Is the ground sand?,Are there stones?,Is there concrete,Is the ground clean?,Are there shadows on the ground?,Are there dark and light areas on the ground?,Are there houses?,Does the ground have different colors?,Are there people?,Are there clothes?,Is there laundry?,Are there animals?,Are there birds?,Are there trees?,nlvr_class1,nlvr_class2,nlvr_class3,nlvr_class4,nlvr_class5,scaled_loc_dirty
0,1642657077788.jpg,1642657103279.jpg,1642657125419.jpg,1642657154370.jpg,1642657178758.jpg,9,1,1.0,1.0,1.0,0.6,1.0,1.0,0.8,0.8,0.8,0.6,1.0,1.0,0.8,0.8,0.8,0.8,1.0,1.0,0.0,0.0,0.0,0.8,0.0,0.8,0.4,0.2,0.0,1.0,0.0,1.0,0.4,1.0,1.0,0.2,0.2,0.0,0.0,0.0,0.8,0.6,1.0,0.0,0.0,0.8,1.0,0.8,0.2,0.0,0.2,1.0,1.0,1.0,0.4,0.0,0.0,4.5535491704940805,4.64299613237381,4.447963893413544,4.3861368894577035,4.583465874195099,5.0
1,1642656774343.jpg,1642656811292.jpg,1642656831012.jpg,1642656855539.jpg,1642656879110.jpg,8,2,1.0,1.0,1.0,0.6,1.0,0.8,0.8,0.6,0.8,0.6,0.8,0.8,1.0,1.0,1.0,0.6,1.0,0.8,0.2,0.0,0.6,0.8,0.4,1.0,0.6,0.4,0.2,0.8,0.4,0.8,0.2,0.8,1.0,0.2,1.0,0.4,0.0,0.0,0.2,0.0,0.8,0.2,0.4,0.0,1.0,0.2,0.2,0.0,0.0,0.8,0.8,0.2,0.8,0.4,0.0,1.89353820681572,2.1531063914299007,1.7930476404726503,1.846886202692985,2.4002257883548737,4.0
2,1642656265338.jpg,1642656304511.jpg,1642656330047.jpg,1642656351360.jpg,1642656378879.jpg,3,3,0.6,0.6,0.8,0.4,1.0,0.6,0.2,0.2,0.4,0.0,1.0,0.4,0.6,0.6,0.8,0.4,1.0,0.6,0.0,0.0,0.2,0.4,0.2,0.8,0.8,0.4,0.0,1.0,0.0,0.8,0.0,0.8,1.0,0.4,0.0,0.4,0.4,0.2,0.2,0.2,0.6,0.4,0.4,0.0,1.0,0.6,0.0,0.6,0.8,1.0,1.0,1.0,0.8,0.8,0.2,0.3730082996771671,0.5200506864348426,0.3193785895127803,0.3319589225575328,0.6482724510133266,2.0
3,1642657504513.jpg,1642657536908.jpg,1642657558241.jpg,1642657580753.jpg,1642657609752.jpg,1,4,0.8,0.8,1.0,0.4,1.0,1.0,0.8,0.6,0.8,0.0,1.0,0.8,0.8,0.8,1.0,0.4,1.0,0.8,0.0,0.0,0.8,1.0,0.4,1.0,1.0,0.4,0.0,1.0,0.0,1.0,0.0,1.0,1.0,0.4,0.4,0.0,0.2,0.0,0.4,0.6,0.4,0.0,0.2,0.2,1.0,0.4,0.0,0.4,0.2,1.0,1.0,0.4,0.8,0.8,0.2,2.16651212470606,2.26943837152794,2.112481556367129,2.1193929417058825,2.3720008805394173,1.0
4,1642657820376.jpg,1642657862099.jpg,1642657909231.jpg,1642657930286.jpg,1642657958989.jpg,2,5,0.8,0.8,0.8,0.4,1.0,0.8,0.8,0.8,0.8,0.0,0.6,0.8,0.8,0.8,0.8,0.4,0.8,0.8,0.8,0.2,0.6,0.8,0.4,0.8,0.4,0.0,0.2,1.0,0.2,1.0,0.2,0.8,0.8,0.4,0.2,0.0,0.0,0.0,0.4,0.4,0.6,0.2,0.2,0.2,1.0,1.0,0.4,0.2,0.6,0.6,0.8,0.4,0.6,0.6,0.0,2.141492713242769,2.3639000896364446,2.009102269075811,2.007287273183465,2.4366555809974666,1.0
5,1642658095587.jpg,1642658119075.jpg,1642658144134.jpg,1642658171113.jpg,1642658198132.jpg,9,6,0.8,0.8,0.8,0.6,1.0,0.8,0.8,0.8,0.8,0.6,0.8,0.8,0.6,0.8,0.6,0.6,0.8,0.8,0.4,0.0,0.4,0.8,0.4,0.6,0.4,0.0,0.0,1.0,0.0,1.0,0.4,1.0,1.0,0.4,0.2,0.4,0.2,0.0,1.0,0.0,0.8,0.2,0.2,0.0,1.0,0.8,0.6,0.6,0.2,0.2,0.2,0.4,0.4,0.0,0.2,3.011680621595588,3.0975075740134344,2.9380505837034434,2.9304656349122524,3.2158731520175934,5.0
6,1642658313146.jpg,1642658341927.jpg,1642658366773.jpg,1642658394243.jpg,1642658419375.jpg,1,7,0.8,0.8,0.8,0.4,0.8,1.0,0.4,0.2,0.4,0.0,0.6,0.6,0.8,0.6,0.6,0.2,0.6,1.0,0.0,0.0,0.4,0.2,0.2,0.8,0.0,0.2,0.0,1.0,0.0,1.0,0.4,0.8,0.6,0.4,0.0,0.6,0.0,0.0,1.0,0.2,0.4,0.8,0.4,0.2,0.8,0.8,0.6,0.2,0.4,0.6,0.6,0.4,0.6,0.2,0.2,0.8309643798274919,0.9409412988461554,0.8069939226843417,0.9001526124775409,1.2229881826788187,1.0
7,1642658823142.jpg,1642658856444.jpg,1642658871256.jpg,1642658887078.jpg,1642658917032.jpg,1,8,1.0,1.0,1.0,0.8,1.0,1.0,0.8,0.8,0.8,0.8,1.0,0.8,0.8,0.8,0.8,0.8,1.0,0.8,0.6,0.4,0.8,1.0,0.8,0.8,0.8,0.4,0.8,1.0,0.6,1.0,0.0,1.0,1.0,0.8,0.2,0.8,0.0,0.0,1.0,0.2,0.8,1.0,0.6,0.0,1.0,1.0,0.0,0.6,0.2,0.8,0.4,0.4,1.0,0.2,0.4,4.7734729051589975,4.816582977771759,4.719103515148163,4.731092393398285,4.8388240337371835,1.0
8,1642659243689.jpg,1642659269462.jpg,1642659286922.jpg,1642659310888.jpg,1642659327962.jpg,10,9,1.0,1.0,1.0,1.0,1.0,1.0,1.0,1.0,1.0,1.0,1.0,1.0,1.0,1.0,1.0,1.0,1.0,1.0,0.8,0.4,1.0,1.0,0.2,1.0,0.8,0.6,1.0,1.0,0.6,1.0,0.0,1.0,1.0,1.0,0.2,1.0,0.0,0.0,1.0,0.4,1.0,1.0,0.0,0.4,1.0,1.0,0.2,0.2,0.4,0.6,0.0,0.0,0.4,0.2,0.2,4.911892533302306,4.9341365694999695,4.822441041469574,4.7272247672080985,4.8290194272995,5.0
9,1642659570903.jpg,1642659612092.jpg,1642659623869.jpg,1642659635883.jpg,1642659646558.jpg,1,10,0.2,0.2,0.2,0.0,0.2,0.2,0.0,0.0,0.0,0.0,0.0,0.0,0.2,0.2,0.0,0.0,0.2,0.0,0.0,0.0,0.2,0.2,0.2,0.8,0.0,0.0,0.0,1.0,0.0,0.2,0.0,0.4,1.0,0.6,0.0,1.0,0.0,0.0,0.6,0.2,1.0,1.0,0.8,0.2,0.4,1.0,0.6,0.0,0.0,1.0,1.0,1.0,0.8,1.0,0.2,0.6079124732059427,0.8271508819889277,0.5803802188020201,0.6492762928828597,1.0898232068866491,1.0
10,1642660749942.jpg,1642660773116.jpg,1642660792953.jpg,1642660804540.jpg,1642660831081.jpg,9,11,1.0,1.0,1.0,0.2,1.0,0.8,0.4,0.2,1.0,0.2,1.0,0.2,0.8,0.6,0.8,0.2,1.0,0.6,0.0,0.0,0.4,0.4,0.4,1.0,0.0,0.2,0.2,1.0,0.0,0.8,0.2,0.8,0.6,0.4,0.0,0.8,0.2,0.0,0.4,0.0,1.0,0.8,0.0,0.0,1.0,0.8,0.8,0.8,0.2,1.0,0.8,0.8,1.0,0.8,0.4,1.1170419054105878,1.188089172821492,1.1094089061953127,1.1240035099908707,1.3070191778242588,5.0
11,1642660995021.jpg,1642661080006.jpg,1642661091725.jpg,1642661042569.jpg,1642661112380.jpg,3,12,0.4,0.8,0.8,0.2,0.8,0.8,0.2,0.0,0.2,0.0,0.6,0.2,0.2,0.2,0.6,0.2,0.8,0.2,0.4,0.0,0.6,0.6,0.6,0.8,0.6,0.4,0.2,1.0,0.2,1.0,0.0,0.8,1.0,0.6,0.2,0.2,0.2,0.2,0.6,0.2,0.8,0.2,0.8,0.0,1.0,0.6,0.0,0.6,0.6,1.0,0.8,0.8,0.6,0.6,0.2,0.7450997157138772,0.8343074067379348,0.6989369293441996,0.7684955643489957,0.9977236110717058,2.0
12,1642661353006.jpg,1642661364273.jpg,1642661377973.jpg,1642661398274.jpg,1642661420685.jpg,8,13,1.0,0.8,0.8,0.2,1.0,1.0,0.4,0.2,0.4,0.0,0.8,0.4,0.6,0.4,0.8,0.2,1.0,0.6,0.0,0.0,0.6,0.8,0.4,0.6,0.4,0.0,0.2,1.0,0.0,1.0,0.0,1.0,1.0,1.0,0.2,0.8,0.0,0.0,1.0,0.0,0.2,0.6,0.4,0.0,1.0,1.0,0.4,0.2,0.4,1.0,1.0,1.0,1.0,0.4,1.0,0.018821829347871244,0.030971109401434663,0.02727789466734976,0.06781005300581455,0.1750801932066679,4.0
13,1642661897364.jpg,1642661934799.jpg,1642661947549.jpg,1642661967764.jpg,1642661998254.jpg,0,14,0.2,0.2,0.6,0.0,0.6,0.2,0.0,0.0,0.2,0.0,0.4,0.0,0.2,0.2,0.6,0.0,0.4,0.2,0.2,0.0,0.2,0.2,0.2,1.0,0.6,0.2,0.0,1.0,0.0,0.8,0.0,1.0,1.0,0.8,0.0,0.8,0.6,0.4,0.4,0.0,0.4,0.8,0.6,0.4,0.8,0.6,0.2,0.6,0.2,1.0,1.0,1.0,0.6,0.6,0.4,0.7535602579591796,0.8717100709909573,0.6226217079674825,0.4925154354423285,0.8001991882920265,1.0
14,1642662156243.jpg,1642662173845.jpg,1642662189031.jpg,1642662209565.jpg,1642662222632.jpg,1,15,0.4,0.4,0.4,0.2,0.4,0.4,0.2,0.2,0.2,0.0,0.4,0.2,0.4,0.2,0.6,0.2,0.4,0.4,0.2,0.0,0.4,0.4,0.2,0.2,0.2,0.4,0.2,1.0,0.2,0.6,0.0,0.4,1.0,1.0,0.0,1.0,0.6,0.2,0.0,0.0,0.6,1.0,0.0,0.0,0.4,1.0,0.6,1.0,0.2,1.0,1.0,0.8,0.6,0.6,0.6,0.9858186751662288,0.991205371567048,0.9773550604004412,0.992624929640442,1.0579295447096229,1.0
15,1642662576650.jpg,1642662600845.jpg,1642662616383.jpg,1642662635723.jpg,1642662650099.jpg,0,16,0.0,0.0,0.2,0.0,0.2,0.0,0.0,0.0,0.0,0.0,0.2,0.0,0.0,0.0,0.0,0.0,0.2,0.0,0.0,0.0,0.0,0.0,0.0,1.0,0.4,0.0,0.0,1.0,0.0,0.6,0.0,1.0,0.8,0.6,0.0,0.8,0.6,0.4,0.2,0.0,1.0,0.8,0.2,0.0,0.6,1.0,0.2,0.6,0.0,1.0,1.0,1.0,0.8,1.0,0.4,1.0375255621038375,1.0979762945789844,0.9947342765517532,0.9550396092236042,1.1178767681121826,1.0
16,1642662814262.jpg,1642662849637.jpg,1642662860210.jpg,1642662876019.jpg,1642662891507.jpg,0,17,0.4,0.4,0.2,0.0,0.2,0.2,0.0,0.0,0.0,0.0,0.0,0.0,0.2,0.2,0.0,0.0,0.2,0.0,0.0,0.0,0.2,0.2,0.0,0.4,0.0,0.0,0.0,0.6,0.0,0.2,0.0,0.0,1.0,1.0,0.0,1.0,0.0,0.2,0.6,0.4,0.8,1.0,0.8,0.4,0.0,1.0,1.0,0.0,0.2,1.0,0.8,1.0,1.0,1.0,0.2,0.6266711038188078,0.8427550583146513,0.5446165353059769,0.5581605993211269,0.930951651185751,1.0
17,1642663105941.jpg,1642663166645.jpg,1642663184482.jpg,1642663198335.jpg,1642663228732.jpg,0,18,0.2,0.4,0.2,0.0,0.2,0.2,0.0,0.0,0.0,0.0,0.0,0.0,0.2,0.0,0.0,0.0,0.2,0.0,0.2,0.0,0.4,0.4,0.0,0.6,0.2,0.0,0.0,1.0,0.0,0.4,0.0,0.4,1.0,1.0,0.0,1.0,0.0,0.0,0.8,0.4,0.6,1.0,0.8,0.4,0.2,1.0,0.2,0.4,0.0,1.0,1.0,1.0,0.8,0.8,0.2,0.03308754169847816,0.05420126277022064,0.04952272749505937,0.10106625128537416,0.2391696674749255,1.0
18,1642663350233.jpg,1642663379608.jpg,1642663391243.jpg,1642663402581.jpg,1642663418001.jpg,0,19,0.2,0.2,0.0,0.0,0.2,0.2,0.0,0.0,0.0,0.0,0.0,0.0,0.0,0.0,0.0,0.0,0.0,0.0,0.0,0.0,0.4,0.2,0.0,0.2,0.2,0.0,0.0,1.0,0.0,0.2,0.0,0.2,1.0,1.0,0.0,0.8,0.2,0.2,0.0,0.0,0.4,1.0,0.2,0.0,0.0,1.0,0.6,1.0,0.2,1.0,1.0,1.0,0.8,0.8,0.2,0.004316906037274748,0.007159227912779898,0.009375260560773313,0.03824395965784788,0.10318336077034472,1.0
19,1642663577066.jpg,1642663613985.jpg,1642663623134.jpg,1642663639589.jpg,1642663667842.jpg,0,20,0.2,0.0,0.0,0.0,0.4,0.0,0.0,0.0,0.0,0.0,0.0,0.0,0.2,0.2,0.0,0.0,0.0,0.0,0.0,0.0,0.2,0.0,0.0,0.0,0.0,0.0,0.0,0.8,0.0,0.0,0.0,0.0,1.0,1.0,0.0,1.0,0.4,0.0,0.2,0.0,0.2,1.0,0.6,0.0,0.2,0.8,0.8,0.8,0.0,1.0,1.0,1.0,1.0,0.8,0.2,0.005370610509999096,0.008986028784420341,0.010923762107267976,0.042482458287850015,0.11418052855879067,1.0
20,1642663977127.jpg,1642663944230.jpg,1642663989421.jpg,1642664005033.jpg,1642664039249.jpg,2,21,0.4,0.4,0.4,0.2,0.4,0.2,0.0,0.2,0.2,0.0,0.0,0.2,0.2,0.2,0.4,0.2,0.2,0.2,0.0,0.2,0.0,0.6,0.0,0.6,0.0,0.4,0.2,0.8,0.2,0.6,0.0,0.6,1.0,0.4,0.0,0.6,0.2,0.0,0.2,0.2,0.6,0.8,0.0,0.0,0.4,0.8,0.6,0.2,0.0,1.0,1.0,0.8,0.6,0.8,0.0,1.2334670376731085,1.3636067735496908,1.1214425945654511,1.1037249928340316,1.4250874631106851,1.0
21,1642664226085.jpg,1642664242520.jpg,1642664257631.jpg,1642664284570.jpg,1642664307433.jpg,0,22,0.0,0.0,0.0,0.0,0.0,0.0,0.0,0.0,0.0,0.0,0.0,0.0,0.0,0.0,0.0,0.0,0.0,0.0,0.0,0.0,0.0,0.0,0.0,0.0,0.0,0.0,0.0,1.0,0.0,0.2,0.0,0.0,1.0,1.0,0.0,1.0,0.2,0.2,1.0,0.2,1.0,1.0,1.0,0.4,0.0,1.0,0.4,0.2,0.0,1.0,1.0,1.0,0.8,0.8,0.0,0.02763085026526824,0.045588865759782486,0.03331492224242538,0.060225681867450476,0.14556789956986904,1.0
22,1642664622342.jpg,1642664638232.jpg,1642664653098.jpg,1642664670677.jpg,1642664682008.jpg,1,23,0.6,0.6,0.6,0.0,1.0,0.6,0.4,0.0,0.2,0.0,1.0,0.2,0.2,0.4,0.2,0.0,1.0,0.0,0.0,0.0,0.2,0.6,0.2,0.4,0.8,0.2,0.0,1.0,0.0,0.4,0.0,0.4,1.0,0.0,0.0,0.6,0.0,0.0,0.4,0.4,0.8,0.4,0.2,0.2,0.8,0.2,0.4,0.2,0.6,0.8,0.6,1.0,1.0,0.8,0.0,1.2933211028575895,1.5741321370005608,1.29678837582469,1.4976279139518738,2.1372356712818146,1.0
23,1642664883031.jpg,1642664898219.jpg,1642664918254.jpg,1642664953683.jpg,1642664969082.jpg,4,24,1.0,1.0,1.0,0.6,1.0,1.0,0.8,0.8,0.8,0.4,1.0,0.8,1.0,1.0,1.0,0.6,1.0,1.0,0.0,0.0,0.8,1.0,0.0,0.6,1.0,0.2,0.4,1.0,0.4,1.0,0.8,1.0,0.4,0.2,0.4,0.0,0.2,0.0,0.8,0.4,1.0,0.0,0.2,0.6,1.0,0.0,0.4,0.8,0.4,1.0,0.8,0.4,0.6,0.6,0.4,3.927108703181148,3.964249726384878,3.869560066610575,3.8499451763927937,3.998621366918087,2.0
24,1642665144984.jpg,1642665160792.jpg,1642665180317.jpg,1642665194579.jpg,1642665210430.jpg,7,25,0.8,0.6,0.8,0.6,0.8,0.8,0.6,0.4,0.8,0.4,0.8,0.4,0.6,0.6,0.6,0.6,0.8,0.6,0.4,0.2,0.4,0.6,0.8,1.0,0.8,0.2,0.2,1.0,0.2,0.8,0.0,0.8,1.0,1.0,0.0,0.6,0.4,0.0,0.2,0.2,1.0,0.6,0.2,0.2,0.8,0.8,0.2,0.4,0.0,1.0,0.4,0.4,0.8,0.6,0.6,4.922577500343324,4.940829277038574,4.847880363464356,4.768476784229279,4.858322262763976,4.0
25,1642665468247.jpg,1642665490450.jpg,1642665507675.jpg,1642665523314.jpg,1642665546266.jpg,2,26,1.0,1.0,1.0,0.8,1.0,1.0,0.8,0.8,0.8,0.0,0.8,0.8,1.0,0.8,1.0,0.6,1.0,0.8,0.4,0.0,0.8,1.0,0.2,1.0,1.0,0.0,0.4,1.0,0.6,1.0,0.6,1.0,0.8,0.4,0.0,0.4,0.6,0.2,0.4,0.6,1.0,0.2,0.6,0.4,1.0,0.2,0.2,0.6,0.2,0.6,0.6,0.4,0.4,0.6,0.0,1.3696764279156923,1.5982487387955189,1.2443818394094706,1.2802697569131851,1.73849056661129,1.0
26,1642666033700.jpg,1642666062254.jpg,1642666081450.jpg,1642666146713.jpg,1642666158931.jpg,3,27,0.6,0.6,0.6,0.0,0.8,0.8,0.0,0.0,0.0,0.0,0.2,0.2,0.6,0.2,0.0,0.0,0.2,0.2,0.2,0.0,0.4,0.8,0.0,0.8,0.8,0.0,0.0,1.0,0.0,1.0,0.0,0.8,1.0,0.6,0.0,0.6,0.2,0.0,0.4,0.4,1.0,0.8,0.2,0.2,0.4,0.6,0.2,0.4,0.0,1.0,1.0,0.8,0.8,0.6,0.0,0.08799212495796382,0.1426091082394123,0.11298185726627707,0.21239123307168484,0.5022917948663235,2.0
27,1642666337456.jpg,1642666419158.jpg,1642666432671.jpg,1642666443895.jpg,1642666455451.jpg,1,28,1.0,1.0,1.0,0.4,1.0,1.0,0.4,0.4,0.4,0.4,0.4,0.4,0.8,0.8,0.6,0.4,1.0,0.8,0.4,0.2,0.6,0.8,0.2,0.6,0.2,0.4,0.2,0.8,0.2,0.8,0.2,0.8,1.0,0.4,0.0,0.4,0.0,0.0,0.4,0.2,0.8,0.4,0.6,0.0,1.0,0.8,0.4,0.2,0.6,1.0,0.8,0.8,0.6,0.6,0.2,2.354667856125161,2.4804805676685646,2.2764444460626687,2.357788628898561,2.6395384417846803,1.0
28,1642666765933.jpg,1642666788112.jpg,1642666802590.jpg,1642666811776.jpg,1642666825286.jpg,1,29,0.6,0.8,0.8,0.2,0.8,0.4,0.0,0.0,0.0,0.0,0.2,0.4,0.2,0.4,0.2,0.2,0.8,0.2,0.0,0.0,0.0,0.4,0.0,0.6,0.2,0.0,0.0,0.8,0.0,0.4,0.2,0.6,0.8,0.2,0.2,0.6,0.4,0.2,0.2,0.0,1.0,0.8,0.4,0.0,0.8,0.6,0.4,0.6,0.6,0.8,0.8,1.0,0.8,0.4,0.4,0.3788623623549938,0.4993732022121549,0.4097798564471304,0.5499666593968868,0.9527851436287164,1.0
29,1642667186668.jpg,1642667201635.jpg,1642667212790.jpg,1642667226976.jpg,1642667246306.jpg,0,30,0.6,0.8,0.8,0.2,0.8,0.8,0.4,0.2,0.2,0.2,0.8,0.4,0.4,0.4,0.8,0.2,0.8,0.2,0.2,0.2,0.2,0.2,0.6,0.6,1.0,0.4,0.2,1.0,0.4,1.0,0.4,1.0,0.8,0.4,0.4,0.2,0.4,0.2,0.8,0.4,0.6,0.4,0.4,0.0,1.0,0.6,0.0,0.4,0.4,0.8,0.6,0.8,0.4,0.6,0.4,1.2801353019603994,1.39669510468957,1.2050948514370248,1.150518904440105,1.3756412845104933,1.0
30,1642667632160.jpg,1642667671370.jpg,1642667683864.jpg,1642667699503.jpg,1642667717731.jpg,1,31,0.6,0.6,0.4,0.4,1.0,0.6,0.2,0.0,0.2,0.2,0.8,0.2,0.4,0.4,0.4,0.4,1.0,0.4,0.2,0.0,0.4,0.4,0.0,0.4,0.0,0.0,0.2,0.6,0.4,0.6,0.0,1.0,1.0,0.8,0.2,0.6,0.4,0.0,0.2,0.0,0.6,0.2,0.6,0.0,1.0,1.0,0.0,0.8,0.8,1.0,1.0,1.0,1.0,0.8,0.4,1.496352660440607,1.6359139538253658,1.4352134476648644,1.4421308957971632,1.719088699668646,1.0
31,1642667888848.jpg,1642667916552.jpg,1642667937767.jpg,1642667957345.jpg,1642667978818.jpg,1,32,0.8,0.8,0.8,0.4,1.0,0.8,0.4,0.4,0.2,0.2,0.8,0.6,0.6,0.8,0.6,0.4,0.8,0.8,0.4,0.4,0.6,0.8,0.2,0.4,0.6,0.4,0.4,1.0,0.6,1.0,0.2,1.0,1.0,0.6,0.6,0.0,0.0,0.0,0.8,0.0,0.8,0.0,0.4,0.4,1.0,0.4,0.0,0.2,0.6,1.0,0.8,0.6,0.8,0.4,0.2,1.0109400060027838,1.0360203112941235,1.0060437300708145,1.0326331499964,1.1669590920209885,1.0
32,1642670102266.jpg,1642670125633.jpg,1642670148394.jpg,1642670167742.jpg,1642670188643.jpg,7,33,1.0,1.0,1.0,0.6,1.0,1.0,0.4,0.4,0.2,0.0,0.8,0.6,0.6,0.6,0.6,0.4,0.8,1.0,0.4,0.0,0.4,0.6,0.2,0.8,0.8,0.0,0.2,1.0,0.2,1.0,0.4,1.0,0.6,0.4,0.0,0.0,0.2,0.0,1.0,0.6,0.8,0.0,0.4,0.2,1.0,0.6,0.0,0.4,0.4,1.0,0.6,0.8,0.8,0.2,0.2,2.919222449883818,2.9513794458471234,2.889936297666281,2.917510957457125,3.090347282588482,4.0
33,1642670643960.jpg,1642670666202.jpg,1642670679494.jpg,1642670705614.jpg,1642670717472.jpg,10,34,0.8,0.8,0.8,0.8,1.0,0.8,0.8,0.8,0.8,0.8,1.0,0.8,0.8,0.8,0.8,0.8,1.0,0.8,0.8,0.4,0.8,0.8,0.6,1.0,1.0,0.2,0.8,1.0,0.8,1.0,0.4,1.0,1.0,0.8,0.2,0.4,0.0,0.0,0.4,0.2,1.0,0.4,0.2,0.6,1.0,0.8,0.4,0.0,0.2,0.8,0.6,0.2,0.4,0.4,0.0,4.182317018508911,4.2652394473552695,4.1446979492902765,4.105076521635056,4.2499388456344604,5.0
34,1642670920786.jpg,1642670934713.jpg,1642670961574.jpg,1642670979326.jpg,1642671008229.jpg,5,35,0.6,0.6,1.0,0.6,1.0,0.8,0.6,0.4,0.6,0.4,1.0,0.6,0.6,0.6,0.8,0.6,1.0,0.4,0.6,0.4,0.6,0.6,0.2,0.6,0.4,0.4,0.4,1.0,0.2,1.0,0.4,0.6,1.0,0.2,0.4,0.2,0.0,0.0,0.6,0.2,0.8,0.2,0.4,0.2,1.0,0.4,0.4,0.0,0.4,0.8,0.6,0.2,0.8,0.8,0.2,2.4923826107988134,2.6102156831184398,2.3600995175074786,2.309948466252536,2.5921948347240686,3.0
35,1642671169331.jpg,1642671205729.jpg,1642671225977.jpg,1642671238549.jpg,1642671259611.jpg,6,36,1.0,1.0,1.0,0.4,1.0,1.0,0.8,0.6,0.6,0.2,1.0,0.8,0.8,0.8,0.6,0.4,1.0,0.6,0.0,0.0,0.6,1.0,0.4,1.0,1.0,0.4,0.2,1.0,0.2,1.0,1.0,1.0,0.6,0.0,0.2,0.0,0.4,0.2,1.0,0.4,1.0,0.0,0.4,0.6,1.0,0.0,0.2,0.4,0.2,1.0,1.0,1.0,0.6,0.8,0.4,3.4793304055929184,3.650044031441212,3.212892286479473,2.9962754286825657,3.4068556725978847,3.0
36,1642671633994.jpg,1642671650727.jpg,1642671665073.jpg,1642671680756.jpg,1642671701819.jpg,6,37,0.8,1.0,1.0,0.4,1.0,0.8,0.4,0.4,0.6,0.4,0.8,0.6,0.6,0.6,0.6,0.6,0.8,0.8,0.4,0.4,0.8,0.8,0.4,0.8,0.4,0.2,0.2,1.0,0.2,1.0,0.4,0.8,0.8,0.4,0.2,0.2,0.2,0.0,0.4,0.2,0.8,0.4,0.2,0.4,0.8,0.8,0.4,0.2,0.2,0.8,0.2,0.4,0.2,0.2,0.0,3.275433204777073,3.408942072768696,3.1358254984952514,3.064413983374834,3.3257046714425087,3.0
37,1642672185184.jpg,1642672199689.jpg,1642672208483.jpg,1642672221367.jpg,1642672239609.jpg,7,38,0.8,0.8,0.8,0.6,1.0,0.6,0.6,0.6,0.6,0.4,0.6,0.6,0.6,0.6,0.8,0.6,1.0,0.6,0.2,0.0,0.6,0.8,0.2,1.0,0.6,0.4,0.0,1.0,0.2,0.8,0.6,0.8,0.6,0.4,0.2,0.0,0.8,0.4,0.6,0.8,0.6,0.0,0.4,0.4,0.8,0.4,0.0,0.6,0.2,1.0,1.0,0.8,0.4,0.4,0.2,2.689746268093586,2.9810677319765087,2.2985156103968616,1.8746572695672512,2.3153636381030083,4.0
38,1642672760276.jpg,1642672792938.jpg,1642672811519.jpg,1642672820895.jpg,1642672851334.jpg,4,39,1.0,1.0,1.0,1.0,1.0,1.0,1.0,1.0,1.0,0.8,1.0,1.0,1.0,1.0,1.0,1.0,1.0,1.0,0.4,0.2,0.8,1.0,0.8,1.0,1.0,0.2,0.2,1.0,0.2,1.0,0.6,1.0,0.4,0.2,0.6,0.0,0.4,0.0,0.4,0.6,1.0,0.2,0.0,0.2,1.0,0.4,0.0,0.4,0.2,1.0,0.8,0.4,0.4,0.2,0.4,3.863649904727936,4.129951536655426,3.514200985431671,3.180334836244583,3.587880849838257,2.0
39,1642673231754.jpg,1642673262733.jpg,1642673274306.jpg,1642673288254.jpg,1642673302489.jpg,8,40,1.0,1.0,1.0,0.4,1.0,1.0,0.8,0.6,0.8,0.4,0.6,0.8,1.0,1.0,0.8,0.4,0.8,0.6,0.2,0.2,0.6,1.0,0.0,1.0,0.6,0.2,0.4,1.0,0.0,1.0,0.4,1.0,1.0,0.2,0.2,0.0,0.2,0.0,0.4,0.4,1.0,0.0,0.2,0.2,1.0,0.4,0.2,0.2,0.4,0.8,0.6,0.2,0.4,0.4,0.2,2.1520704398863018,2.29581704409793,2.052608862984925,1.9937686012126503,2.156505735591054,4.0
40,1642673485522.jpg,1642673507637.jpg,1642673519701.jpg,1642673531869.jpg,1642673547882.jpg,3,41,1.0,1.0,1.0,1.0,1.0,1.0,1.0,1.0,1.0,0.8,1.0,1.0,1.0,1.0,1.0,1.0,1.0,1.0,0.6,0.4,1.0,1.0,0.4,1.0,1.0,0.8,0.4,1.0,0.6,1.0,0.4,1.0,0.8,0.4,0.6,0.4,0.0,0.0,0.4,0.4,1.0,0.4,0.0,0.0,1.0,0.2,0.0,0.2,0.0,1.0,0.6,0.6,0.4,0.4,0.2,3.0190385686000814,3.0921652729157363,2.974666254012845,2.987432519439608,3.18011853704229,2.0
41,1642673702711.jpg,1642673760870.jpg,1642673769022.jpg,1642673793491.jpg,1642673809303.jpg,8,42,0.8,0.8,0.8,0.6,1.0,0.8,0.8,0.6,0.8,0.4,1.0,0.8,0.8,0.8,0.8,0.6,1.0,0.8,0.4,0.0,0.6,0.8,0.4,0.8,0.6,0.2,0.0,1.0,0.4,1.0,0.4,1.0,0.8,0.4,0.6,0.2,0.2,0.0,0.6,0.2,0.6,0.0,0.2,0.4,1.0,0.2,0.2,0.2,0.2,1.0,0.8,0.6,0.4,0.6,0.2,1.5744695265311748,1.7740347144426778,1.50057720055338,1.4914398090913892,1.8497738428413868,4.0
42,1642674009064.jpg,1642674036385.jpg,1642674051114.jpg,1642674063116.jpg,1642674076551.jpg,5,43,1.0,1.0,1.0,0.4,0.8,1.0,0.6,0.6,0.6,0.2,0.8,0.8,1.0,1.0,1.0,0.6,0.8,1.0,0.4,0.2,0.6,0.6,0.8,1.0,0.8,0.4,0.2,1.0,0.2,1.0,0.2,1.0,1.0,0.4,0.0,0.6,0.0,0.0,0.6,0.4,1.0,0.8,0.4,0.6,0.8,0.4,0.6,0.2,0.2,0.8,0.8,0.8,0.4,0.4,0.0,2.1728815734386444,2.257404994219541,2.2011985108256344,2.2927753459662203,2.5588640570640564,3.0
43,1642674251413.jpg,1642674267136.jpg,1642674286045.jpg,1642674301614.jpg,1642674325656.jpg,3,44,1.0,1.0,1.0,0.8,1.0,1.0,1.0,1.0,1.0,0.2,1.0,1.0,1.0,1.0,1.0,0.8,1.0,1.0,0.8,0.0,1.0,1.0,0.8,1.0,1.0,0.4,0.2,1.0,0.4,1.0,0.4,1.0,1.0,0.4,0.6,0.2,0.2,0.0,1.0,0.0,1.0,0.2,0.4,0.8,1.0,0.4,0.2,0.0,0.4,0.8,0.4,0.4,0.4,0.2,0.0,3.9659915864467616,4.153641521930695,3.723611637949944,3.501133441925049,3.861102223396301,2.0
44,1642674462161.jpg,1642674480545.jpg,1642674492322.jpg,1642674509433.jpg,1642674535244.jpg,2,45,1.0,1.0,1.0,0.6,1.0,1.0,0.8,0.4,0.8,0.4,1.0,1.0,1.0,1.0,0.8,0.6,1.0,1.0,0.6,0.0,0.6,0.8,0.6,1.0,1.0,0.2,0.4,1.0,0.2,1.0,0.6,1.0,0.8,0.0,0.4,0.0,0.2,0.0,0.8,0.4,1.0,0.0,0.4,0.4,1.0,0.2,0.2,0.0,0.2,1.0,0.6,0.4,0.8,0.2,0.0,2.284908040193841,2.3867138007190083,2.246642895275727,2.251391435507685,2.4549823170527816,1.0
45,1642674820276.jpg,1642674843333.jpg,1642674859497.jpg,1642674876049.jpg,1642674889251.jpg,9,46,1.0,1.0,1.0,0.8,1.0,1.0,1.0,1.0,1.0,0.6,1.0,1.0,1.0,1.0,1.0,1.0,1.0,1.0,0.2,0.0,0.8,1.0,1.0,1.0,1.0,0.8,0.0,1.0,0.4,1.0,0.2,1.0,1.0,0.6,1.0,0.8,0.2,0.0,0.0,0.4,0.6,0.6,0.4,0.0,1.0,0.2,0.0,0.6,0.0,1.0,1.0,0.8,1.0,0.4,0.0,3.1049086153507237,3.3016049414873123,2.9692477732896805,2.8740475401282315,3.2252733260393143,5.0
46,1642675143009.jpg,1642675162742.jpg,1642675210918.jpg,1642675227671.jpg,1642675246103.jpg,10,47,1.0,1.0,1.0,1.0,1.0,1.0,1.0,0.8,1.0,0.8,1.0,1.0,1.0,1.0,1.0,0.8,1.0,1.0,0.2,0.0,0.8,1.0,1.0,1.0,1.0,0.0,0.0,1.0,0.6,1.0,0.4,1.0,1.0,0.4,0.8,0.4,0.2,0.0,0.6,0.2,1.0,0.0,0.4,0.2,1.0,0.0,0.0,0.2,0.0,1.0,1.0,0.6,0.4,0.4,0.0,4.713901698589325,4.777597904205322,4.613584876060487,4.580284655094147,4.7404904961586,5.0
47,1642675420691.jpg,1642675433289.jpg,1642675446840.jpg,1642675461408.jpg,1642675479529.jpg,7,48,1.0,1.0,1.0,1.0,1.0,1.0,1.0,1.0,1.0,1.0,1.0,1.0,1.0,1.0,1.0,1.0,1.0,1.0,0.2,0.2,0.8,0.8,0.6,1.0,1.0,0.6,0.4,1.0,0.4,1.0,0.8,0.8,0.8,0.2,0.2,0.2,0.2,0.0,0.6,0.6,1.0,0.2,0.0,0.2,1.0,0.2,0.2,0.2,0.4,0.8,0.2,0.0,0.4,0.4,0.0,4.987852513790131,4.989718556404113,4.977080166339874,4.961842954158783,4.975105285644531,4.0
48,1642675650915.jpg,1642675696700.jpg,1642675713439.jpg,1642675732488.jpg,1642675743106.jpg,10,49,1.0,1.0,0.8,0.6,1.0,0.8,0.6,0.6,0.6,0.4,0.6,0.6,0.6,0.6,0.6,0.6,1.0,0.6,0.4,0.0,0.6,0.6,0.4,0.6,0.6,0.2,0.2,1.0,0.0,0.8,0.2,1.0,0.8,0.2,0.0,0.6,0.0,0.0,0.4,0.2,1.0,0.6,0.2,0.4,0.8,0.4,0.2,0.0,0.0,0.8,0.6,0.6,0.6,0.6,0.0,2.94018003391102,2.96859602117911,2.8873385363258417,2.8588923551142216,2.9598236829042435,5.0
49,1642675966327.jpg,1642675977807.jpg,1642675992629.jpg,1642676005608.jpg,1642676025437.jpg,3,50,0.6,0.6,0.8,0.2,1.0,0.8,0.4,0.2,0.6,0.2,0.8,0.6,0.4,0.4,0.6,0.4,0.8,0.6,0.2,0.0,0.4,0.4,0.6,0.4,0.6,0.4,0.2,1.0,0.2,0.8,0.2,1.0,0.8,0.8,1.0,0.4,0.0,0.0,0.8,0.2,0.8,0.2,0.6,0.0,0.8,0.2,0.0,0.0,0.2,1.0,0.8,0.8,0.6,0.4,0.0,0.8962700690608472,0.9323884294135496,0.8407097854651511,0.8386640748940408,0.9804357029497625,2.0
50,1642676236501.jpg,1642676254107.jpg,1642676268293.jpg,1642676281830.jpg,1642676291911.jpg,10,51,1.0,1.0,1.0,0.8,1.0,1.0,0.8,0.4,0.6,0.2,1.0,0.8,1.0,1.0,1.0,0.6,1.0,1.0,0.4,0.0,0.8,0.8,0.8,0.6,1.0,1.0,0.0,1.0,0.4,1.0,0.4,1.0,1.0,0.4,0.8,0.4,0.6,0.0,0.6,0.2,0.8,0.0,0.0,0.0,1.0,0.2,0.0,0.6,0.4,1.0,0.8,0.8,0.4,0.6,0.0,1.7117417114786804,1.8264983808621764,1.5851243929937482,1.5595735437236726,1.811494164168835,5.0
51,1642676463634.jpg,1642676489663.jpg,1642676591329.jpg,1642676540289.jpg,1642676628238.jpg,4,52,0.8,1.0,1.0,0.4,1.0,0.8,0.4,0.2,0.4,0.4,1.0,0.6,0.8,1.0,0.8,0.4,1.0,0.6,0.4,0.2,0.4,0.4,0.2,0.4,0.6,0.2,0.2,1.0,0.4,0.8,0.6,0.8,0.4,0.0,0.4,0.2,0.0,0.0,0.4,0.4,1.0,0.2,0.2,0.0,1.0,0.0,0.4,0.0,0.0,0.6,0.4,0.2,0.6,0.8,0.2,1.1730265899095684,1.2754102377220988,1.1567331701517105,1.1683734394609928,1.390993328765035,2.0
52,1642677548457.jpg,1642677564274.jpg,1642677579254.jpg,1642677593519.jpg,1642677606083.jpg,4,53,1.0,1.0,1.0,0.4,1.0,1.0,1.0,0.8,1.0,0.0,1.0,1.0,1.0,1.0,1.0,0.6,1.0,1.0,0.4,0.0,0.6,1.0,0.6,1.0,1.0,0.2,0.2,1.0,0.0,1.0,0.2,1.0,0.6,0.2,0.6,0.6,0.2,0.2,0.0,0.0,1.0,0.8,0.4,0.0,1.0,0.4,0.0,0.2,0.0,1.0,0.6,0.6,0.4,0.0,0.2,3.8851412273943424,3.920130946673453,3.7955208728089933,3.716108043678105,3.855882178992033,2.0
53,1642677953535.jpg,1642677982376.jpg,1642677999786.jpg,1642678017381.jpg,1642678028633.jpg,10,54,1.0,1.0,1.0,0.6,1.0,1.0,1.0,1.0,1.0,0.4,0.8,1.0,1.0,1.0,1.0,0.6,0.6,1.0,0.4,0.2,0.8,1.0,1.0,1.0,1.0,0.4,0.4,1.0,0.2,1.0,0.0,1.0,1.0,0.4,0.2,0.2,0.0,0.0,0.6,0.4,1.0,0.4,0.0,0.2,1.0,0.4,0.0,0.2,0.0,1.0,0.6,0.6,0.6,0.4,0.2,2.9031841633841395,2.9635479189455514,2.8115477971732616,2.772655292414129,2.9944172129035,5.0
54,1642678257157.jpg,1642678280301.jpg,1642678313670.jpg,1642678333600.jpg,1642678349313.jpg,10,55,1.0,1.0,1.0,0.8,1.0,1.0,1.0,0.8,1.0,0.0,1.0,1.0,1.0,1.0,1.0,0.8,1.0,1.0,0.6,0.4,0.6,0.6,1.0,1.0,1.0,0.4,0.4,1.0,0.4,1.0,0.4,1.0,1.0,0.2,0.4,0.2,0.2,0.0,0.6,0.4,1.0,0.2,0.2,0.2,1.0,0.2,0.0,0.4,0.2,1.0,0.8,0.6,0.6,0.4,0.2,2.0644857212901115,2.310182712972164,1.8739976547658443,1.7987830117344856,2.277166843414306,5.0
55,1642678657837.jpg,1642678673700.jpg,1642678682301.jpg,1642678692501.jpg,1642678710493.jpg,8,56,1.0,1.0,1.0,1.0,1.0,1.0,1.0,0.8,1.0,0.8,1.0,1.0,1.0,1.0,1.0,1.0,1.0,1.0,0.8,0.0,0.8,1.0,0.8,0.8,1.0,0.8,0.6,1.0,0.8,1.0,0.4,1.0,1.0,0.4,0.6,0.0,0.4,0.2,0.4,0.4,1.0,0.0,0.2,0.6,1.0,0.2,0.0,0.2,0.2,1.0,1.0,0.4,0.4,0.2,0.0,4.190354257822038,4.3762481808662415,3.956902772188186,3.760979354381561,4.087878704071045,4.0
56,1642678882118.jpg,1642678893654.jpg,1642678904365.jpg,1642678915623.jpg,1642678937676.jpg,9,57,1.0,1.0,1.0,1.0,1.0,1.0,1.0,0.8,1.0,0.6,1.0,1.0,1.0,1.0,1.0,1.0,1.0,1.0,0.6,0.2,0.6,1.0,1.0,0.8,1.0,0.6,0.4,1.0,0.4,1.0,0.6,1.0,1.0,0.6,0.8,0.4,0.2,0.0,0.8,0.4,0.8,0.2,0.4,0.2,1.0,0.2,0.0,0.4,0.0,0.8,0.8,0.2,0.6,0.0,0.2,3.0542230312712486,3.1008870657533407,3.0331624231766914,3.0176932644099,3.1307566929608583,5.0
57,1642679165376.jpg,1642679182629.jpg,1642679201959.jpg,1642679217784.jpg,1642679239803.jpg,2,58,1.0,1.0,1.0,0.8,1.0,1.0,1.0,1.0,1.0,0.6,1.0,1.0,1.0,1.0,1.0,0.8,1.0,1.0,1.0,0.4,1.0,0.8,0.2,0.8,0.6,0.8,1.0,1.0,0.6,1.0,0.6,1.0,0.8,0.4,0.8,0.2,0.2,0.0,0.8,0.4,1.0,0.2,0.4,0.2,1.0,0.2,0.2,0.4,0.0,0.6,0.4,0.6,0.4,0.2,0.2,4.0456287413835526,4.153537109494208,3.9345305413007736,3.8637992963194847,4.078733950853349,1.0
58,1642679680208.jpg,1642679730670.jpg,1642679711461.jpg,1642679765274.jpg,1642679777236.jpg,7,59,1.0,1.0,1.0,1.0,1.0,1.0,1.0,1.0,1.0,1.0,1.0,1.0,1.0,1.0,0.8,1.0,1.0,1.0,0.8,0.2,1.0,0.8,0.6,1.0,1.0,0.8,0.6,1.0,0.2,1.0,0.6,1.0,0.8,0.4,0.4,0.4,0.4,0.2,0.2,0.0,1.0,0.4,0.0,0.0,1.0,0.4,0.2,0.6,0.0,0.8,0.6,0.4,0.4,0.4,0.6,4.341986835002899,4.4946467876434335,4.137425601482391,4.019919991493225,4.358788192272186,4.0
59,1642679927009.jpg,1642679937920.jpg,1642679954005.jpg,1642679965426.jpg,1642679982986.jpg,1,60,1.0,1.0,1.0,0.4,1.0,1.0,0.4,0.2,0.4,0.2,1.0,1.0,1.0,1.0,0.8,0.6,1.0,1.0,0.2,0.0,0.6,0.8,0.4,0.4,1.0,0.4,0.4,1.0,0.2,1.0,0.6,1.0,1.0,0.2,0.8,0.2,0.0,0.0,0.6,0.0,1.0,0.2,0.2,0.0,1.0,0.2,0.0,0.0,0.6,0.8,0.8,0.8,0.6,0.4,0.0,1.4624319449067116,1.6712356694042685,1.4211914464831352,1.4277012459933758,1.7910752072930336,1.0
60,1642680123251.jpg,1642680138364.jpg,1642680150965.jpg,1642680167675.jpg,1642680178409.jpg,10,61,1.0,1.0,1.0,0.8,1.0,1.0,1.0,1.0,0.8,0.4,1.0,1.0,1.0,1.0,1.0,0.8,1.0,1.0,0.4,0.0,0.8,0.8,0.8,1.0,1.0,0.4,0.2,1.0,0.2,1.0,0.4,1.0,1.0,0.4,0.6,0.4,0.0,0.0,0.6,0.2,1.0,0.4,0.4,0.2,1.0,0.4,0.0,0.2,0.4,0.8,0.0,0.2,0.4,0.4,0.4,4.135029226541518,4.248778343200684,4.034913048148154,3.9720379114151,4.234402745962143,5.0
61,1642680318468.jpg,1642680334094.jpg,1642680351097.jpg,1642680362530.jpg,1642680387319.jpg,7,62,0.8,0.8,0.6,0.2,1.0,1.0,0.6,0.2,0.2,0.0,0.6,0.4,0.6,0.8,0.4,0.2,1.0,0.4,0.2,0.2,0.6,0.6,0.0,0.6,0.8,0.0,0.2,0.8,0.2,0.8,0.6,1.0,0.6,0.2,1.0,0.2,0.0,0.0,0.8,0.6,0.8,0.2,0.8,0.6,1.0,0.4,0.2,0.0,0.4,1.0,1.0,1.0,0.6,0.0,0.0,0.9781122278654948,1.0002061903942376,0.9483676091767848,0.9510592515580356,1.088805304840207,4.0
62,1642680798631.jpg,1642680813368.jpg,1642680825214.jpg,1642680839331.jpg,1642680847087.jpg,6,63,1.0,1.0,1.0,0.6,1.0,1.0,1.0,0.8,1.0,0.0,1.0,0.8,1.0,1.0,1.0,0.8,1.0,0.8,0.2,0.0,0.6,0.8,0.8,1.0,1.0,0.2,0.0,1.0,0.0,1.0,0.2,1.0,1.0,0.6,0.6,0.2,0.4,0.2,0.6,0.6,1.0,0.4,0.2,0.4,1.0,0.4,0.2,0.4,0.0,1.0,1.0,1.0,0.6,0.4,0.4,2.6626428547897376,2.7658706660149623,2.5333844914566725,2.456817948259413,2.692592637613416,3.0
63,1642680975404.jpg,1642680985251.jpg,1642680997639.jpg,1642681006409.jpg,1642681021435.jpg,3,64,1.0,1.0,1.0,0.6,1.0,1.0,0.6,0.4,0.6,0.0,1.0,0.8,1.0,1.0,0.8,0.8,1.0,1.0,0.2,0.0,0.8,1.0,0.2,0.2,1.0,0.4,0.4,1.0,0.2,1.0,0.4,1.0,0.8,0.4,1.0,0.0,0.0,0.0,0.6,0.2,0.4,0.0,0.8,0.2,1.0,0.2,0.0,0.0,0.6,0.6,0.2,0.2,0.4,0.2,0.0,1.5127701312303543,1.7792390622198582,1.436739880591631,1.4685596302151682,1.955007590353489,2.0
64,1642568683689.jpg,1642568744991.jpg,1642568820465.jpg,1642568883890.jpg,1642568941152.jpg,6,65,0.8,0.8,1.0,0.4,1.0,1.0,0.6,0.4,0.6,0.0,1.0,0.6,0.8,0.6,1.0,0.4,1.0,0.4,0.0,0.0,0.4,0.6,0.0,1.0,1.0,0.2,0.0,1.0,0.0,1.0,0.0,0.8,0.6,0.0,0.4,0.0,0.2,0.2,1.0,0.8,1.0,0.0,0.6,0.4,1.0,0.2,0.4,0.4,0.4,1.0,0.8,0.6,1.0,0.8,0.0,3.571963220834732,3.799862205982208,3.4147884249687195,3.406522214412689,3.848029255867005,3.0
65,1642569708587.jpg,1642569747457.jpg,1642569780478.jpg,1642569814561.jpg,1642569851350.jpg,2,66,1.0,1.0,1.0,1.0,1.0,1.0,1.0,1.0,1.0,0.4,1.0,1.0,1.0,1.0,1.0,0.8,1.0,1.0,0.4,0.0,0.6,1.0,0.0,0.6,0.4,0.4,0.0,1.0,0.0,1.0,0.4,0.8,0.6,0.0,0.4,0.0,0.4,0.0,0.6,1.0,0.8,0.0,0.4,0.2,1.0,0.4,0.2,0.4,0.2,1.0,0.6,0.2,0.4,0.0,0.0,3.66217502951622,3.877988427877426,3.4927176237106323,3.4613634645938878,3.933696210384369,1.0
66,1642570286652.jpg,1642570337367.jpg,1642570356303.jpg,1642570376567.jpg,1642570399182.jpg,1,67,0.2,0.4,0.8,0.2,0.6,0.2,0.2,0.2,0.2,0.0,0.2,0.2,0.2,0.2,0.4,0.2,0.2,0.2,0.4,0.0,0.4,0.4,0.2,0.8,0.8,0.4,0.0,1.0,0.2,0.4,0.0,0.8,1.0,0.6,0.0,0.6,0.6,0.4,1.0,0.6,0.8,0.8,1.0,0.6,0.6,0.6,0.0,0.6,0.6,1.0,1.0,1.0,0.6,0.8,0.2,1.026161165209487,1.0561849195510151,1.0308653390966356,1.0855992576107385,1.2702761031687257,1.0
67,1642570777244.jpg,1642570809135.jpg,1642570861750.jpg,1642570915448.jpg,1642570950807.jpg,1,68,0.4,0.4,0.4,0.0,0.8,0.2,0.0,0.0,0.0,0.0,0.4,0.0,0.0,0.0,0.4,0.0,0.6,0.0,0.2,0.0,0.2,0.4,0.2,0.8,0.4,0.6,0.0,1.0,0.0,0.6,0.0,0.6,0.6,0.4,0.0,0.2,0.2,0.0,0.6,0.2,0.6,0.6,1.0,0.4,1.0,0.4,0.2,0.6,0.4,1.0,1.0,1.0,0.4,0.4,0.0,1.0464097155490892,1.167250806814991,1.026433714432642,1.1326742833480241,1.4896586667746303,1.0
68,1642571462047.jpg,1642571507917.jpg,1642571530404.jpg,1642571556791.jpg,1642571573017.jpg,2,69,0.4,0.4,0.2,0.0,0.6,0.8,0.0,0.0,0.0,0.0,0.4,0.0,0.4,0.4,0.2,0.0,0.6,0.0,0.4,0.0,0.4,0.6,0.0,0.6,0.4,0.2,0.0,1.0,0.0,0.8,0.4,0.6,1.0,0.6,0.2,0.4,0.2,0.0,0.4,0.0,0.2,0.4,0.8,0.0,0.4,0.6,0.4,0.4,0.2,1.0,1.0,1.0,0.4,0.4,0.0,0.09463119530119002,0.1410115008475259,0.11603792000096293,0.1811680244281888,0.3794331829994917,1.0
69,1642571785613.jpg,1642571803590.jpg,1642571830568.jpg,1642571856202.jpg,1642571873404.jpg,1,70,0.8,0.8,0.8,0.2,1.0,0.6,0.0,0.0,0.2,0.0,0.4,0.0,0.2,0.2,0.4,0.0,0.6,0.0,0.4,0.0,0.0,0.8,0.2,0.8,0.2,0.4,0.0,0.6,0.0,0.2,0.2,0.4,0.8,0.2,0.0,0.4,0.6,0.2,0.2,0.2,0.8,0.6,0.4,0.0,1.0,0.8,0.2,0.8,0.6,1.0,1.0,1.0,0.6,0.6,0.0,0.1993480505771004,0.3063212895067409,0.20513360609766096,0.2344748629257083,0.4808385949581862,1.0
70,1642572126325.jpg,1642572144403.jpg,1642572162055.jpg,1642572176303.jpg,1642572197635.jpg,2,71,0.2,0.4,0.4,0.0,0.6,0.2,0.0,0.0,0.0,0.0,0.2,0.0,0.2,0.2,0.2,0.0,0.2,0.0,0.0,0.0,0.2,0.2,0.0,1.0,0.0,0.0,0.0,0.2,0.0,0.0,0.4,0.2,0.6,0.4,0.0,0.8,0.2,0.2,0.6,0.0,1.0,1.0,0.8,0.2,0.6,0.2,0.6,0.4,0.2,0.6,0.6,0.8,0.6,0.4,0.2,1.1751264724298378,1.3261555922217667,1.0927720751496963,1.1253074635751543,1.4589606141671538,1.0
71,1642572387919.jpg,1642572413625.jpg,1642572427375.jpg,1642572447925.jpg,1642572466810.jpg,0,72,1.0,1.0,1.0,0.4,1.0,1.0,0.4,0.4,0.2,0.0,0.4,0.4,0.6,0.8,0.6,0.4,0.8,0.4,0.4,0.4,0.6,1.0,0.2,0.6,0.4,0.4,0.4,0.8,0.4,0.8,0.4,0.8,0.6,0.2,0.0,0.6,0.4,0.0,0.2,0.0,0.8,0.8,0.0,0.0,0.8,0.2,0.4,0.8,0.4,0.8,0.6,0.4,0.4,0.2,0.2,3.0697532589547336,3.2434004922397435,2.878683385439217,2.8064649431034923,3.183536874130368,1.0
72,1642572705782.jpg,1642572721643.jpg,1642572740338.jpg,1642572770648.jpg,1642572806009.jpg,1,73,0.8,0.6,0.6,0.2,1.0,0.6,0.2,0.0,0.0,0.0,0.2,0.2,0.2,0.2,0.2,0.2,0.8,0.2,0.2,0.0,0.0,0.0,0.0,0.0,0.0,0.0,0.0,0.4,0.0,0.2,0.2,0.2,0.4,0.2,0.2,0.4,0.6,0.2,0.8,0.0,0.8,0.4,0.4,0.0,0.6,0.0,0.8,0.8,0.4,0.8,0.8,0.6,0.4,0.4,0.2,0.009046636056154966,0.01499647134914994,0.015984139638021592,0.040085552725940936,0.10337619855999948,1.0
73,1642572981783.jpg,1642573001690.jpg,1642573017683.jpg,1642573043840.jpg,1642573057295.jpg,1,74,1.0,1.0,0.6,0.0,0.8,1.0,0.0,0.0,0.2,0.0,0.6,0.2,0.6,0.4,0.6,0.0,0.8,0.4,0.2,0.0,0.6,0.8,0.2,0.8,0.2,0.2,0.0,0.6,0.0,0.4,0.0,0.4,1.0,0.4,0.0,0.4,0.2,0.0,0.4,0.0,0.4,0.4,0.4,0.0,0.8,0.2,0.6,0.2,0.4,0.8,0.8,0.6,0.6,0.4,0.2,0.3617312668357045,0.4656771037261933,0.3990530907176435,0.4962569759227336,0.7972488217055798,1.0
74,1642573249258.jpg,1642573265835.jpg,1642573277844.jpg,1642573297208.jpg,1642573310481.jpg,4,75,0.6,0.6,0.4,0.4,1.0,0.6,0.2,0.2,0.2,0.0,0.0,0.4,0.4,0.4,0.2,0.4,0.2,0.4,0.0,0.0,0.0,0.6,0.0,0.0,0.0,0.2,0.0,0.2,0.0,0.4,0.4,0.6,0.8,0.4,0.0,0.6,0.2,0.0,0.6,0.4,0.6,0.4,0.4,0.0,0.0,0.2,0.8,0.6,0.2,0.8,0.8,0.6,0.6,0.2,0.0,0.10707210932741873,0.15685295063303786,0.13523526082281026,0.2234854255802929,0.45621332246810203,2.0
75,1642573538183.jpg,1642573559028.jpg,1642573575756.jpg,1642573592788.jpg,1642573637302.jpg,3,76,0.8,0.8,0.8,0.4,1.0,0.8,0.6,0.8,0.4,0.4,0.6,0.8,0.8,0.8,0.6,0.4,1.0,0.8,0.0,0.0,0.2,0.4,0.0,0.6,0.0,0.2,0.2,0.6,0.0,0.6,0.6,0.4,0.6,0.2,0.0,0.0,0.2,0.0,0.8,0.6,0.8,0.2,0.4,0.0,1.0,0.2,0.4,0.2,0.0,0.6,0.4,0.4,0.8,0.2,0.0,1.0035873595625162,1.062077605049126,0.976973397191614,0.9987642406485976,1.2322310637682676,2.0
76,1642573989370.jpg,1642574005730.jpg,1642574017948.jpg,1642574037805.jpg,1642574054534.jpg,1,77,0.6,0.6,0.6,0.0,0.6,0.6,0.2,0.2,0.2,0.0,0.2,0.2,0.6,0.6,0.2,0.0,0.4,0.4,0.2,0.0,0.2,0.6,0.0,0.4,0.2,0.0,0.0,1.0,0.0,0.6,0.4,0.6,0.8,0.4,0.0,0.4,0.4,0.4,0.8,0.6,0.8,0.8,0.4,0.4,1.0,1.0,0.8,0.4,0.2,1.0,0.8,0.8,0.0,0.2,0.2,0.2855011189822108,0.4003143293084577,0.2884380336618051,0.32094081677496433,0.5752508435398339,1.0
77,1642574336141.jpg,1642574352927.jpg,1642574401888.jpg,1642574419850.jpg,1642574443805.jpg,1,78,0.6,0.4,0.2,0.0,1.0,0.6,0.0,0.0,0.0,0.0,0.2,0.0,0.0,0.0,0.0,0.0,0.8,0.2,0.2,0.0,0.2,0.4,0.0,0.6,0.0,0.0,0.0,0.2,0.0,0.4,0.0,0.4,0.8,0.0,0.0,0.8,0.2,0.0,0.4,0.8,1.0,0.4,0.4,0.6,1.0,0.8,0.4,0.2,0.2,1.0,0.8,1.0,0.6,0.6,0.0,0.9388169839512556,1.024362517520785,0.9018060551024972,0.9600572986528276,1.1761863287538292,1.0
78,1642574610992.jpg,1642574629949.jpg,1642574642943.jpg,1642574671131.jpg,1642574688258.jpg,1,79,0.4,0.4,0.4,0.0,1.0,0.6,0.0,0.0,0.2,0.0,0.4,0.0,0.2,0.2,0.4,0.0,0.8,0.4,0.0,0.0,0.0,0.0,0.0,0.6,0.0,0.0,0.0,0.4,0.0,0.0,0.4,0.2,0.4,0.2,0.0,0.2,0.2,0.2,0.8,0.0,0.8,0.4,0.6,0.0,0.8,0.6,0.8,0.6,0.0,0.8,0.8,1.0,0.6,0.6,0.4,0.9582080268883146,0.9760460471734403,0.9334016486536711,0.966036055702716,1.134845998138189,1.0
79,1642574923370.jpg,1642574934829.jpg,1642574956283.jpg,1642574975308.jpg,1642574994266.jpg,1,80,0.4,0.6,0.8,0.0,1.0,0.8,0.4,0.4,0.2,0.0,0.6,0.4,0.4,0.6,0.6,0.0,0.6,0.6,0.0,0.0,0.4,0.4,0.0,0.4,0.0,0.6,0.0,0.6,0.0,0.4,0.2,0.4,1.0,0.2,0.0,0.4,0.2,0.0,0.4,0.0,0.4,0.4,0.0,0.0,1.0,0.2,0.8,0.6,0.4,1.0,1.0,0.8,1.0,0.6,0.0,1.4827573120128363,1.7767478274181483,1.3558998699299991,1.385437160730362,1.9952246360480783,1.0
80,1642575308671.jpg,1642575340386.jpg,1642575361310.jpg,1642575376918.jpg,1642575409939.jpg,1,81,0.4,0.2,0.6,0.2,0.4,0.2,0.2,0.0,0.2,0.0,0.2,0.0,0.0,0.0,0.4,0.2,0.2,0.0,0.0,0.0,0.0,0.0,0.0,1.0,0.6,0.0,0.0,1.0,0.0,0.2,0.0,0.0,1.0,0.8,0.0,0.8,0.2,0.2,0.2,0.2,1.0,0.8,0.6,0.2,0.6,0.8,0.8,0.2,0.0,1.0,1.0,1.0,0.8,1.0,0.2,1.6947540987748653,1.8708389839157464,1.5644451025873425,1.530963012482971,2.004164956510067,1.0
81,1642575689159.jpg,1642575705345.jpg,1642575720458.jpg,1642575732052.jpg,1642575743074.jpg,1,82,0.0,0.0,0.0,0.0,0.2,0.0,0.0,0.0,0.0,0.0,0.0,0.0,0.0,0.0,0.0,0.0,0.0,0.0,0.0,0.0,0.0,0.0,0.0,0.8,0.0,0.0,0.0,0.8,0.0,0.0,0.2,0.2,0.8,0.8,0.0,0.8,0.2,0.4,0.6,0.2,0.8,1.0,1.0,0.2,0.2,1.0,0.4,0.6,0.0,1.0,1.0,1.0,1.0,0.8,0.2,0.3682576296268962,0.4872785167535767,0.2910133742261678,0.2538078320212662,0.44428332708776,1.0
82,1642576046762.jpg,1642576072479.jpg,1642576092313.jpg,1642576117213.jpg,1642576134980.jpg,0,83,0.0,0.0,0.2,0.0,0.8,0.0,0.0,0.0,0.0,0.0,0.0,0.0,0.0,0.0,0.0,0.0,0.2,0.0,0.0,0.0,0.2,0.2,0.0,1.0,0.6,0.2,0.0,0.8,0.0,0.4,0.0,0.2,1.0,0.2,0.0,0.6,0.6,0.6,0.0,0.0,0.6,1.0,0.0,0.0,0.8,0.8,0.2,1.0,0.0,1.0,1.0,1.0,1.0,0.8,0.6,0.4709413025120739,0.5869127921178006,0.470135721610859,0.5735530243255198,0.8804622814059258,1.0
83,1642576476159.jpg,1642576488067.jpg,1642576499671.jpg,1642576525928.jpg,1642576542858.jpg,1,84,0.4,0.6,0.8,0.0,0.6,0.8,0.0,0.0,0.0,0.0,0.2,0.0,0.2,0.2,0.4,0.0,0.4,0.0,0.0,0.0,0.0,0.8,0.4,1.0,0.6,0.0,0.0,1.0,0.0,0.8,0.0,0.8,1.0,0.4,0.0,0.6,0.4,0.2,0.4,0.0,0.6,0.6,0.0,0.0,0.8,0.6,0.2,0.4,0.2,0.8,0.8,0.8,0.6,0.6,0.4,0.21648979792371392,0.3096089526079595,0.2497647237032652,0.34356889920309186,0.6357288807630539,1.0
84,1642576783473.jpg,1642576797881.jpg,1642576813977.jpg,1642576839495.jpg,1642576854927.jpg,1,85,0.2,0.2,0.4,0.0,0.4,0.2,0.2,0.2,0.0,0.0,0.2,0.2,0.2,0.2,0.0,0.2,0.4,0.2,0.0,0.0,0.0,0.4,0.0,0.8,0.0,0.0,0.0,0.8,0.0,0.4,0.0,0.2,1.0,0.8,0.0,0.4,0.2,0.0,1.0,0.2,1.0,0.6,0.2,0.2,0.2,0.8,0.8,0.4,0.2,0.8,0.8,0.8,0.6,0.8,0.0,0.6495763272396289,0.7230768480221741,0.6326094681862742,0.7347450777888298,0.9578188024461268,1.0
85,1642577119125.jpg,1642577139869.jpg,1642577153699.jpg,1642577172819.jpg,1642577198740.jpg,1,86,0.8,0.6,0.8,0.2,0.8,0.8,0.2,0.2,0.2,0.2,0.4,0.2,0.2,0.2,0.4,0.2,0.6,0.2,0.2,0.0,0.2,0.2,0.0,1.0,0.6,0.2,0.0,1.0,0.2,0.8,0.2,0.6,1.0,0.4,0.0,0.6,0.2,0.0,0.6,0.0,1.0,0.6,0.2,0.0,1.0,0.6,0.4,0.2,0.2,1.0,1.0,0.8,1.0,0.8,0.2,0.5981105146929622,0.7064454988576472,0.5761247570626438,0.6705611385405064,0.9769793860614301,1.0
86,1642577475589.jpg,1642577490159.jpg,1642577505951.jpg,1642577526233.jpg,1642577541119.jpg,1,87,0.4,0.4,0.4,0.0,0.8,0.4,0.2,0.0,0.2,0.0,0.4,0.2,0.4,0.4,0.4,0.2,0.8,0.2,0.0,0.0,0.6,0.6,0.0,0.8,0.8,0.0,0.0,1.0,0.0,0.8,0.4,0.4,1.0,0.2,0.0,0.4,0.4,0.2,0.4,0.2,1.0,0.4,0.6,0.4,1.0,0.6,0.2,0.4,0.4,0.8,0.8,1.0,0.4,0.8,0.0,0.8570631543989293,1.0061581677291542,0.8672377773327753,1.0206582471728325,1.4190923348069189,1.0
87,1642577907640.jpg,1642577921048.jpg,1642577938761.jpg,1642577949778.jpg,1642577962404.jpg,1,88,0.8,0.8,0.8,0.2,0.4,0.8,0.6,0.6,0.8,0.0,0.4,0.6,0.6,0.8,0.8,0.2,0.4,0.4,0.0,0.0,0.0,0.2,0.6,1.0,0.4,0.2,0.2,0.8,0.0,0.8,0.2,0.8,0.8,0.6,0.0,0.6,0.4,0.0,0.2,0.4,0.6,0.6,0.0,0.0,0.4,0.4,0.4,0.2,0.0,0.8,0.6,0.6,0.8,0.8,0.0,2.7526295762509108,2.904208729043603,2.6002931054681544,2.555306602269411,2.913996323943138,1.0
88,1642578360091.jpg,1642578383780.jpg,1642578416441.jpg,1642578454912.jpg,1642578484942.jpg,3,89,0.6,0.6,0.6,0.0,0.8,0.6,0.2,0.2,0.2,0.0,0.4,0.2,0.6,0.4,0.6,0.0,0.6,0.2,0.4,0.0,0.4,0.6,0.0,0.4,0.2,0.2,0.2,0.4,0.2,0.6,0.8,0.4,0.0,0.0,0.2,0.6,0.6,0.2,0.8,0.2,1.0,0.6,0.6,0.2,0.6,0.8,0.2,0.4,0.0,1.0,1.0,0.8,0.6,0.6,0.2,0.22987013336387466,0.33121922245481983,0.21932959149125966,0.26518325926736,0.5109358644112945,2.0
89,1642578867464.jpg,1642578880631.jpg,1642578897368.jpg,1642578915251.jpg,1642578929304.jpg,6,90,0.6,0.6,0.6,0.6,0.6,0.6,0.6,0.6,0.6,0.2,0.4,0.6,0.6,0.6,0.6,0.6,0.4,0.6,0.4,0.4,0.4,0.4,0.2,0.8,0.6,0.4,0.4,1.0,0.4,0.8,0.2,0.6,0.8,0.4,0.0,0.6,0.4,0.0,0.2,0.2,0.8,0.6,0.2,0.0,0.8,0.4,0.6,0.6,0.4,0.8,0.4,0.6,0.4,0.4,0.0,2.0018344849231653,2.0071184987900783,2.002906851703301,2.0260009081102908,2.1065186476334934,3.0
90,1642579203355.jpg,1642579223445.jpg,1642579239612.jpg,1642579295022.jpg,1642579309141.jpg,3,91,0.8,0.8,0.8,0.6,0.8,0.8,0.6,0.6,0.8,0.2,0.8,0.8,0.8,0.8,0.8,0.6,0.8,0.8,0.8,0.4,0.6,0.8,0.0,0.4,0.6,0.2,0.4,0.8,0.4,0.8,0.6,0.8,0.6,0.2,0.2,0.4,0.6,0.4,0.8,1.0,1.0,0.2,0.8,1.0,0.8,0.6,0.6,1.0,0.0,1.0,0.8,0.4,0.4,0.4,0.0,3.0084935153136034,3.059668599627912,2.9831891390495,3.0239993948489428,3.219224279746413,2.0
91,1642579634863.jpg,1642579650139.jpg,1642579667412.jpg,1642579681509.jpg,1642579694649.jpg,2,92,1.0,1.0,1.0,0.6,1.0,1.0,0.8,0.8,0.6,0.2,0.8,0.8,0.8,0.8,0.8,0.6,1.0,0.8,0.8,0.2,1.0,1.0,0.0,1.0,0.6,0.8,0.4,1.0,0.4,0.8,0.4,0.8,0.8,0.0,0.4,0.2,0.4,0.0,0.2,0.0,0.8,0.2,0.2,0.0,1.0,0.4,0.2,0.6,0.6,0.8,0.4,0.6,0.4,0.2,0.4,3.624325858894736,3.709642700850964,3.5020696781575684,3.5109697375446562,3.734678331762552,1.0
92,1642580045950.jpg,1642580068433.jpg,1642580080569.jpg,1642580102575.jpg,1642580113319.jpg,2,93,0.8,0.8,0.8,0.2,0.8,0.8,0.4,0.4,0.6,0.0,0.2,0.6,0.6,0.6,0.6,0.2,0.8,0.6,0.0,0.0,0.2,0.8,0.4,0.2,0.8,0.2,0.0,0.6,0.0,0.6,0.6,0.6,0.4,0.0,0.2,0.6,0.2,0.2,0.4,0.0,0.8,0.6,0.0,0.2,0.8,0.2,0.6,0.2,0.0,1.0,0.6,0.8,0.6,0.2,0.0,1.1891494765877724,1.2979315528646111,1.1652081380598247,1.2090459987521172,1.518630877137184,1.0
93,1642580371406.jpg,1642580389499.jpg,1642580402377.jpg,1642580414438.jpg,1642580427950.jpg,6,94,1.0,0.8,0.8,0.4,1.0,1.0,0.4,0.4,0.4,0.2,0.8,0.6,0.6,0.8,0.4,0.6,0.8,0.6,0.8,0.2,0.6,1.0,0.2,1.0,1.0,0.2,0.2,1.0,0.2,1.0,0.4,1.0,0.8,0.4,0.0,0.2,0.6,0.4,0.2,0.4,1.0,0.6,0.0,0.2,1.0,0.6,0.2,0.6,0.0,1.0,0.8,0.8,0.6,0.6,0.0,3.4231707900762562,3.575554236769676,3.3966584503650665,3.4299832433462143,3.741522401571274,3.0
94,1642580884272.jpg,1642580901025.jpg,1642580929568.jpg,1642580959751.jpg,1642580983801.jpg,1,95,0.2,0.2,0.4,0.2,0.8,0.6,0.2,0.2,0.2,0.2,0.4,0.4,0.2,0.2,0.4,0.2,0.8,0.2,0.0,0.0,0.2,0.2,0.0,0.6,0.2,0.2,0.0,1.0,0.0,0.2,0.2,0.6,1.0,0.4,0.0,0.4,0.6,0.2,0.8,0.0,0.8,0.2,0.4,0.0,1.0,0.8,0.0,0.6,0.2,1.0,1.0,0.8,0.8,0.4,0.0,1.9588077976368368,2.165973661467433,1.8500962350517511,1.806203056126833,2.216819554567337,1.0
95,1642581229717.jpg,1642581258009.jpg,1642581287590.jpg,1642581310590.jpg,1642581326633.jpg,6,96,0.0,0.0,0.4,0.0,0.2,0.0,0.0,0.0,0.0,0.0,0.0,0.0,0.0,0.0,0.0,0.0,0.2,0.0,0.0,0.0,0.0,0.2,0.0,0.4,0.0,0.0,0.0,0.6,0.0,0.2,0.0,0.2,1.0,1.0,0.0,0.6,0.2,0.2,0.6,0.4,0.6,0.6,0.8,0.0,0.2,0.8,0.8,0.2,0.2,0.4,0.4,1.0,1.0,1.0,0.2,0.01908058853587136,0.03182171587832272,0.029538292437791824,0.06766168959438801,0.17377999890595675,3.0
96,1642581534881.jpg,1642581557492.jpg,1642581580556.jpg,1642581597044.jpg,1642581609921.jpg,0,97,0.2,0.2,0.2,0.0,0.6,0.2,0.0,0.0,0.0,0.0,0.0,0.0,0.2,0.2,0.2,0.0,0.6,0.0,0.2,0.0,0.2,0.2,0.0,0.6,0.0,0.0,0.0,0.8,0.0,0.2,0.0,0.2,1.0,1.0,0.0,0.2,0.2,0.2,0.4,0.0,0.4,0.2,0.6,0.0,0.8,0.8,0.4,0.4,0.4,0.6,0.6,0.8,1.0,1.0,0.2,0.08799088187515736,0.13386833888944238,0.10506194503977896,0.16288087237626314,0.35158297326415777,1.0
97,1642581836423.jpg,1642581854470.jpg,1642581875204.jpg,1642581894872.jpg,1642581908641.jpg,2,98,0.0,0.0,0.0,0.0,0.2,0.0,0.0,0.0,0.0,0.0,0.0,0.0,0.0,0.0,0.0,0.0,0.0,0.0,0.0,0.0,0.0,0.0,0.0,0.2,0.0,0.0,0.0,0.8,0.0,0.0,0.0,0.0,1.0,1.0,0.0,0.4,0.2,0.2,0.4,0.4,0.4,0.8,0.8,0.0,0.2,1.0,1.0,0.2,0.2,0.8,1.0,1.0,1.0,1.0,0.4,0.07330999313853681,0.11873250419739635,0.08857285534031689,0.13361386209726334,0.30259183049201965,1.0
98,1642582096609.jpg,1642582112983.jpg,1642582142372.jpg,1642582159903.jpg,1642582175468.jpg,0,99,0.2,0.2,0.4,0.0,0.8,0.4,0.0,0.0,0.0,0.0,0.6,0.2,0.2,0.2,0.2,0.0,0.8,0.2,0.0,0.2,0.4,0.4,0.0,0.4,0.0,0.0,0.2,1.0,0.2,0.6,0.2,0.6,0.8,0.6,0.2,0.2,0.8,0.2,0.6,0.6,0.8,0.2,0.8,0.2,0.8,0.6,0.8,0.8,0.4,0.6,0.6,1.0,0.8,0.6,0.8,0.8475117213092744,0.918768896954134,0.7653244452085346,0.7364577199332416,0.9452953562140464,1.0
99,1642582401485.jpg,1642582429675.jpg,1642582463191.jpg,1642582482870.jpg,1642582502023.jpg,1,100,0.6,0.6,1.0,0.0,0.8,0.6,0.0,0.0,0.0,0.0,0.8,0.0,0.0,0.0,0.6,0.0,0.8,0.2,0.0,0.0,0.0,0.2,0.0,0.6,0.4,0.0,0.0,1.0,0.0,0.6,0.2,0.6,1.0,0.6,0.0,0.2,0.0,0.0,0.8,0.2,1.0,0.2,0.8,0.0,0.8,0.6,0.4,0.2,0.6,0.6,0.6,0.8,0.8,1.0,0.6,0.7620698836399242,0.9434515137691052,0.6749595717992634,0.6722122188657522,1.0052673872560265,1.0
100,1643009166578.jpg,1643009191470.jpg,1643009210672.jpg,1643009255164.jpg,1643009265642.jpg,1,101,0.2,0.2,0.8,0.0,1.0,0.4,0.0,0.0,0.0,0.0,0.2,0.0,0.0,0.2,0.4,0.0,0.4,0.2,0.2,0.0,0.2,0.4,0.0,0.4,0.2,0.4,0.0,0.6,0.2,0.6,0.6,0.4,0.2,0.0,0.0,0.2,0.2,0.0,1.0,0.8,0.4,0.8,0.6,0.2,0.8,0.6,0.8,1.0,0.2,0.2,0.4,1.0,0.6,0.6,0.0,0.3238747295399662,0.4594293511472642,0.2716478337533772,0.2591374544426799,0.4985807798802853,1.0
101,1642582870911.jpg,1642582908327.jpg,1642582953189.jpg,1642582987708.jpg,1642583027356.jpg,0,102,0.0,0.0,0.0,0.0,0.4,0.0,0.0,0.0,0.0,0.0,0.0,0.0,0.0,0.0,0.0,0.0,0.4,0.0,0.0,0.0,0.0,0.0,0.0,0.2,0.0,0.0,0.0,0.6,0.0,0.2,0.2,0.2,0.2,0.0,0.2,0.6,0.2,0.2,1.0,0.8,1.0,0.6,0.8,0.8,0.8,0.2,0.4,0.6,0.2,0.4,0.6,1.0,1.0,1.0,0.2,0.027665097324643284,0.045255930977873504,0.03750481002498418,0.06865116022527218,0.1692526414990425,1.0
102,1642583442854.jpg,1642583455332.jpg,1642583465916.jpg,1642583480854.jpg,1642583494745.jpg,1,103,0.2,0.0,0.2,0.0,0.4,0.2,0.0,0.0,0.0,0.0,0.0,0.0,0.0,0.0,0.0,0.0,0.2,0.0,0.0,0.0,0.0,0.0,0.0,0.0,0.0,0.0,0.0,1.0,0.0,0.2,0.2,0.2,1.0,0.2,0.0,0.2,0.8,0.4,1.0,0.8,0.8,0.4,1.0,0.4,0.8,0.6,0.6,1.0,0.4,0.8,0.8,1.0,0.8,0.8,0.2,0.4127837447740603,0.5359489317052066,0.3116236127680168,0.2623496726155281,0.4764057230204344,1.0
103,1642583617754.jpg,1642583628925.jpg,1642583638157.jpg,1642583648440.jpg,1642583657841.jpg,1,104,0.0,0.0,0.2,0.0,0.8,0.0,0.0,0.0,0.0,0.0,0.2,0.0,0.0,0.0,0.2,0.0,0.6,0.0,0.2,0.0,0.0,0.0,0.0,0.2,0.0,0.0,0.0,0.2,0.0,0.2,0.6,0.2,0.2,0.0,0.0,0.6,0.8,0.6,1.0,0.8,1.0,0.6,1.0,0.8,0.8,0.2,0.8,1.0,0.0,0.4,0.2,1.0,0.4,0.6,0.2,0.009500827349256724,0.015822058252524585,0.017356315162032843,0.054829799570143216,0.14604722522199154,1.0
104,1642583813783.jpg,1642583824277.jpg,1642583836947.jpg,1642583845429.jpg,1642583854957.jpg,1,105,0.2,0.2,0.2,0.0,0.8,0.2,0.0,0.0,0.0,0.0,0.4,0.2,0.2,0.2,0.2,0.0,0.6,0.2,0.2,0.0,0.2,0.2,0.0,0.2,0.0,0.0,0.0,0.2,0.0,0.2,0.4,0.2,0.2,0.0,0.2,0.4,0.6,0.4,0.8,0.8,0.8,0.4,0.8,0.6,0.4,0.2,0.6,0.6,0.0,1.0,1.0,1.0,0.4,0.4,0.2,0.3348234739678446,0.4148280465160497,0.3584363106638193,0.4932749960571528,0.7321624364703894,1.0
105,1642583975621.jpg,1642583990082.jpg,1642584000610.jpg,1642584008759.jpg,1642584024531.jpg,1,106,0.4,0.4,0.4,0.0,1.0,0.6,0.0,0.0,0.0,0.0,0.6,0.0,0.2,0.0,0.2,0.0,1.0,0.0,0.0,0.0,0.2,0.2,0.0,0.8,0.0,0.2,0.0,1.0,0.0,0.8,0.2,0.8,1.0,0.4,0.0,0.2,0.4,0.4,1.0,1.0,0.8,0.2,0.6,0.6,1.0,0.4,0.0,0.8,0.4,1.0,1.0,1.0,1.0,0.8,0.2,0.6843112898059189,0.7934278063476086,0.6488930173218249,0.735861012712121,1.0473702233284712,1.0
106,1642657887034.jpg,1642657981486.jpg,1642658009727.jpg,1642658032842.jpg,1642658054877.jpg,7,107,1.0,1.0,1.0,1.0,1.0,1.0,1.0,1.0,1.0,1.0,1.0,1.0,1.0,1.0,1.0,1.0,1.0,1.0,0.6,0.6,1.0,1.0,0.2,0.4,0.6,0.8,0.8,1.0,0.4,1.0,0.0,1.0,1.0,0.8,1.0,0.2,0.2,0.0,1.0,0.4,1.0,0.0,0.4,0.2,1.0,0.6,0.0,0.6,0.4,0.6,0.4,0.2,0.4,0.6,0.4,4.837162971496582,4.888039529323578,4.707399606704712,4.502677500247955,4.669190943241119,4.0
107,1642658308808.jpg,1642658420007.jpg,1642658459158.jpg,1642658481442.jpg,1642658503908.jpg,7,108,0.8,1.0,1.0,0.6,0.8,0.8,0.6,0.6,0.6,0.4,0.6,0.6,0.8,1.0,0.8,0.6,1.0,0.8,0.4,0.6,0.6,0.8,0.4,0.6,0.6,0.4,0.6,1.0,0.6,1.0,0.0,1.0,1.0,0.8,0.2,0.2,0.0,0.0,0.4,0.0,0.8,0.2,0.2,0.2,1.0,0.6,0.2,0.0,0.6,0.6,0.4,0.8,0.8,0.6,0.0,3.880891427397728,4.03778088092804,3.756719663739205,3.7217345088720317,4.054300308227538,4.0
108,1642658864652.jpg,1642658905215.jpg,1642658945071.jpg,1642659093684.jpg,1642658995999.jpg,7,109,1.0,1.0,1.0,0.8,1.0,1.0,0.8,0.8,0.8,0.6,0.6,0.8,0.8,1.0,0.8,0.8,0.8,1.0,0.6,0.2,0.8,1.0,1.0,1.0,1.0,0.6,0.8,1.0,0.4,1.0,0.2,1.0,1.0,0.2,0.8,0.0,0.2,0.0,0.8,0.2,1.0,0.2,0.4,0.2,1.0,0.8,0.2,0.2,0.4,0.8,0.6,0.4,0.4,0.6,0.0,4.9407604932785025,4.952713251113892,4.886344313621522,4.8348292112350455,4.897121071815492,4.0
109,1642659771887.jpg,1642659824650.jpg,1642659848432.jpg,1642659875530.jpg,1642659902711.jpg,7,110,1.0,1.0,1.0,0.0,0.8,1.0,0.4,0.2,0.4,0.0,0.4,0.4,1.0,0.8,0.8,0.0,0.6,0.6,0.4,0.2,0.2,0.8,0.2,1.0,1.0,0.0,0.2,1.0,0.2,1.0,0.2,1.0,0.6,0.6,0.0,0.4,0.0,0.0,0.8,0.4,0.8,0.2,0.6,0.2,1.0,0.8,0.4,0.0,0.8,1.0,0.6,0.8,0.4,0.6,0.0,1.5242842487059534,1.8321150178089736,1.4473931537941098,1.578007634729147,2.199097543954849,4.0
110,1642660206094.jpg,1642660237686.jpg,1642660263006.jpg,1642660291269.jpg,1642660319148.jpg,8,111,1.0,1.0,1.0,0.8,0.8,1.0,0.8,0.8,0.8,0.8,0.8,0.8,0.8,0.8,0.8,0.8,0.6,0.8,0.8,0.6,0.8,0.8,1.0,1.0,0.8,0.4,0.6,1.0,0.8,1.0,0.0,1.0,1.0,0.6,0.0,0.6,0.4,0.0,0.8,0.2,0.8,0.8,0.0,0.6,1.0,0.8,0.4,0.4,0.0,1.0,0.6,0.4,0.6,1.0,0.2,3.958640651777386,3.981406258419156,3.9170531146228313,3.8894672114402056,3.987954147160053,4.0
111,1642660720169.jpg,1642660744396.jpg,1642660765314.jpg,1642660785854.jpg,1642660812207.jpg,7,112,0.6,0.6,1.0,0.0,0.2,0.4,0.2,0.2,0.2,0.0,0.0,0.4,0.2,0.2,0.2,0.0,0.0,0.2,0.2,0.2,0.6,0.6,0.4,1.0,0.2,0.0,0.2,1.0,0.2,1.0,0.2,0.8,1.0,0.6,0.0,0.6,0.2,0.2,0.8,0.6,0.6,1.0,0.8,0.6,0.4,1.0,0.2,0.2,0.0,1.0,1.0,1.0,1.0,1.0,0.0,1.1829841847065836,1.2812592610716822,1.1325346562080083,1.11089482344687,1.2976321205496788,4.0
112,1642661141392.jpg,1642661176104.jpg,1642661203814.jpg,1642661226266.jpg,1642661253685.jpg,2,113,1.0,1.0,1.0,0.4,0.8,1.0,0.8,0.4,0.6,0.2,0.8,0.8,0.8,0.8,0.8,0.4,0.8,0.8,0.6,0.4,0.6,1.0,0.2,1.0,0.6,0.2,0.6,1.0,0.4,1.0,0.2,1.0,0.8,0.8,1.0,0.2,0.4,0.2,0.6,0.6,1.0,0.0,0.0,0.4,1.0,0.8,0.4,0.4,0.2,0.6,0.4,0.6,0.8,0.4,0.0,2.989132764283568,3.1535769449546933,2.8122028899379075,2.697633732110262,3.0522991996258497,1.0
113,1642661484946.jpg,1642661520963.jpg,1642661553467.jpg,1642661571990.jpg,1642661593323.jpg,2,114,0.6,0.8,0.8,0.6,0.4,0.6,0.6,0.4,0.6,0.0,0.2,0.4,0.6,0.6,0.6,0.6,0.2,0.6,0.4,0.2,0.6,0.6,0.2,1.0,0.8,0.2,0.2,1.0,0.0,0.8,0.0,0.8,1.0,0.8,0.0,0.4,0.0,0.0,0.4,0.0,1.0,0.8,0.0,0.0,0.6,1.0,1.0,0.0,0.0,0.8,0.8,0.6,0.8,0.8,0.0,2.508228703867644,2.637058389373124,2.344227908179164,2.3130034115165468,2.6402419283986087,1.0
114,1642661837639.jpg,1642661858392.jpg,1642661879671.jpg,1642661899770.jpg,1642661921259.jpg,1,115,0.8,0.8,0.8,0.6,0.8,0.8,0.8,0.6,0.8,0.4,0.8,0.6,1.0,0.8,0.8,0.6,0.4,0.6,0.0,0.2,0.4,0.6,0.8,1.0,0.8,0.4,0.2,1.0,0.0,1.0,0.2,1.0,0.8,0.8,0.0,0.4,0.2,0.0,0.2,0.4,0.6,0.6,0.0,0.4,0.8,0.8,0.2,0.0,0.2,0.6,0.4,0.2,0.2,0.4,0.2,2.2163018041756004,2.5439805157948285,2.033926431555301,2.0073336167261004,2.571409987285733,1.0
115,1642662272339.jpg,1642662303653.jpg,1642662371488.jpg,1642662403735.jpg,1642662437840.jpg,2,116,0.8,0.8,0.8,0.8,0.8,0.8,0.4,0.4,0.6,0.2,0.8,0.8,0.8,0.8,0.8,0.6,0.8,0.8,0.2,0.0,0.4,0.6,0.2,0.6,0.6,0.4,0.4,0.8,0.0,0.8,0.0,0.8,0.6,0.4,0.2,0.0,0.0,0.0,0.8,0.6,1.0,0.0,0.2,0.4,0.6,0.6,0.0,0.0,0.6,0.6,0.4,0.4,0.6,0.6,0.0,1.6146766319870949,1.8390904441475868,1.4822322893887758,1.4459698759019377,1.909988194704056,1.0
116,1642662702061.jpg,1642662724938.jpg,1642662778963.jpg,1642662801073.jpg,1642662821481.jpg,2,117,1.0,1.0,1.0,0.8,1.0,1.0,0.8,0.8,0.8,0.4,1.0,0.8,1.0,1.0,1.0,0.8,1.0,1.0,0.8,0.2,0.6,1.0,0.8,1.0,0.8,0.2,0.6,1.0,0.4,1.0,0.0,1.0,1.0,1.0,0.2,0.4,0.0,0.0,0.8,0.2,1.0,0.4,0.4,0.4,1.0,0.8,0.6,0.0,0.2,0.8,0.6,0.6,1.0,0.8,0.0,3.5689957588911057,3.7759196460247035,3.4349095523357387,3.4295774698257446,3.8172629177570334,1.0
117,1642663135146.jpg,1642663163707.jpg,1642663183288.jpg,1642663214453.jpg,1642663247323.jpg,2,118,1.0,1.0,1.0,0.8,1.0,1.0,0.8,0.8,0.8,0.6,1.0,0.8,0.8,0.8,0.8,1.0,1.0,0.8,0.8,0.2,1.0,1.0,0.2,1.0,1.0,0.2,0.8,1.0,0.6,1.0,0.2,1.0,1.0,0.4,0.2,0.4,0.0,0.0,0.4,0.6,0.8,0.4,0.2,0.4,1.0,0.8,0.6,0.0,0.2,0.8,0.2,0.2,0.6,0.6,0.0,3.985517632216215,4.005854606628418,3.960055228322744,3.9532480277121063,4.061896398663522,1.0
118,1642663560958.jpg,1642663602924.jpg,1642663629390.jpg,1642663655526.jpg,1642663678372.jpg,5,119,0.8,0.8,0.8,0.8,1.0,1.0,0.6,0.6,0.6,0.4,1.0,0.8,0.8,0.8,0.8,0.8,1.0,0.8,0.2,0.0,0.8,0.8,0.8,0.6,0.4,0.2,0.6,1.0,0.2,1.0,0.2,1.0,1.0,0.6,0.0,0.2,0.0,0.0,0.8,0.4,1.0,0.0,0.4,0.2,1.0,0.2,0.0,0.2,0.4,0.8,0.6,0.2,0.8,0.8,0.2,2.688038020860404,2.7642149676103145,2.6385208247229457,2.6620413148775697,2.865407833829522,3.0
119,1642664072880.jpg,1642664096836.jpg,1642664113895.jpg,1642664138580.jpg,1642664172599.jpg,5,120,1.0,1.0,1.0,0.4,1.0,1.0,0.4,0.4,0.2,0.2,1.0,1.0,0.6,0.8,1.0,0.4,1.0,1.0,0.0,0.0,0.2,0.8,0.6,0.8,0.8,0.2,0.0,1.0,0.0,1.0,0.0,1.0,1.0,0.6,0.0,0.0,0.2,0.0,1.0,0.0,0.8,0.0,0.8,0.2,1.0,0.8,0.2,0.2,0.8,1.0,1.0,0.8,0.6,0.8,0.2,2.5155824925750494,2.6154484662692994,2.4330152620095764,2.4963966747745867,2.7364528086036444,3.0
120,1642664759727.jpg,1642664784206.jpg,1642664804214.jpg,1642664828957.jpg,1642664857041.jpg,2,121,0.4,0.6,0.8,0.2,0.2,0.6,0.2,0.2,0.4,0.0,0.2,0.2,0.4,0.4,0.4,0.4,0.2,0.4,0.2,0.0,0.4,0.6,0.2,1.0,0.0,0.2,0.0,1.0,0.0,0.6,0.0,0.4,1.0,0.8,0.0,0.6,0.0,0.0,0.4,0.4,1.0,0.8,0.4,0.2,0.2,0.8,0.6,0.0,0.0,0.6,0.8,0.6,0.8,0.6,0.2,0.7865821328014135,0.9805716993287206,0.7137945680879056,0.7544124461710453,1.1256904862821102,1.0
121,1642665517764.jpg,1642665533636.jpg,1642665548728.jpg,1642665593083.jpg,1642665610536.jpg,5,122,1.0,1.0,1.0,0.4,0.8,0.8,0.8,0.4,0.4,0.2,0.6,0.6,0.8,1.0,1.0,0.4,0.8,0.6,0.2,0.2,0.6,0.8,1.0,1.0,1.0,0.0,0.2,1.0,0.4,1.0,0.0,1.0,1.0,0.6,0.2,0.2,0.2,0.0,0.6,0.2,1.0,0.4,0.2,0.4,0.8,1.0,0.0,0.2,0.2,1.0,0.8,0.8,0.8,0.8,0.0,3.1213476315606385,3.3184728261549026,2.91879730601795,2.8491557678207755,3.232629757374525,3.0
122,1642666591893.jpg,1642666622004.jpg,1642666665627.jpg,1642666682579.jpg,1642666708629.jpg,2,123,1.0,1.0,1.0,1.0,1.0,1.0,1.0,1.0,1.0,0.8,1.0,1.0,1.0,1.0,1.0,1.0,1.0,1.0,0.6,0.2,0.8,0.8,0.4,1.0,1.0,0.6,0.2,1.0,0.4,1.0,0.4,1.0,1.0,0.6,0.2,0.2,0.0,0.0,0.6,0.2,0.8,0.0,0.4,0.2,1.0,0.6,0.2,0.0,0.2,0.6,0.2,0.2,0.4,0.2,0.0,4.528828680515289,4.631110727787019,4.427160799503326,4.383764058351518,4.5723941922187805,1.0
123,1642667108939.jpg,1642667145174.jpg,1642667182469.jpg,1642667226252.jpg,1642667254855.jpg,2,124,0.6,0.6,0.6,0.0,1.0,0.6,0.2,0.2,0.2,0.0,0.4,0.4,0.6,0.6,0.2,0.0,0.6,0.4,0.0,0.0,0.0,0.4,0.6,0.8,0.2,0.0,0.0,1.0,0.0,0.8,0.2,0.8,0.8,0.6,0.0,0.4,0.0,0.0,0.2,0.0,0.8,0.4,0.0,0.0,0.6,0.6,0.4,0.0,0.4,1.0,1.0,1.0,0.8,0.6,0.0,1.7838663501315748,1.8881308411946518,1.6751249546650795,1.6526375962421298,1.9676013123244047,1.0
124,1642667464620.jpg,1642667489610.jpg,1642667513114.jpg,1642667546213.jpg,1642667571452.jpg,2,125,0.8,0.8,0.8,0.8,1.0,0.8,0.8,0.8,0.8,0.4,0.6,0.8,0.8,0.8,0.8,0.6,1.0,0.8,0.8,0.2,0.8,0.8,0.0,1.0,0.6,0.2,0.4,0.8,0.2,0.8,0.0,1.0,0.8,0.0,0.0,0.0,0.0,0.0,0.6,0.2,1.0,0.2,0.0,0.0,1.0,0.6,0.4,0.0,0.6,0.4,0.4,0.2,0.6,0.4,0.0,1.3934096433222294,1.6265404671430588,1.3665153235197067,1.540527142584324,2.1109852194786067,1.0
125,1642667812563.jpg,1642667834344.jpg,1642667852330.jpg,1642667874796.jpg,1642667896745.jpg,5,126,0.8,0.8,1.0,0.8,1.0,1.0,0.6,0.6,0.6,0.6,0.8,0.8,0.8,0.8,0.8,0.8,0.8,0.8,0.6,0.0,0.6,0.8,0.6,1.0,1.0,0.2,0.2,1.0,0.0,1.0,0.0,1.0,1.0,0.6,0.2,0.0,0.2,0.0,0.4,0.2,1.0,0.0,0.4,0.0,0.8,0.8,0.6,0.2,0.0,1.0,0.4,0.4,0.8,0.8,0.0,3.94424345419975,3.9562017545686095,3.8974395251134415,3.8637333484366536,3.9391424320638184,3.0
126,1642670267581.jpg,1642670302957.jpg,1642670321970.jpg,1642670342259.jpg,1642670354844.jpg,1,127,1.0,1.0,1.0,0.8,1.0,1.0,1.0,0.8,1.0,0.6,1.0,1.0,1.0,1.0,1.0,0.8,1.0,1.0,0.8,0.2,0.8,1.0,0.4,0.8,0.0,0.4,0.6,1.0,0.6,1.0,0.6,1.0,1.0,0.2,0.6,0.0,0.4,0.2,1.0,0.0,1.0,0.0,0.6,0.6,1.0,0.4,0.4,0.4,0.6,1.0,0.4,0.4,0.4,0.6,0.0,4.3237303495407104,4.4582929611206055,4.163976311683655,4.061731219291687,4.367556452751161,1.0
127,1642670682125.jpg,1642670703278.jpg,1642670727005.jpg,1642670748906.jpg,1642670794663.jpg,5,128,1.0,1.0,1.0,0.4,1.0,1.0,0.8,0.6,0.6,0.4,1.0,0.8,1.0,1.0,0.8,0.4,0.8,0.8,0.4,0.2,0.4,0.8,0.4,1.0,0.4,0.4,0.4,0.8,0.4,1.0,0.2,1.0,0.6,0.4,0.4,0.2,0.2,0.0,0.0,0.2,1.0,0.2,0.0,0.2,1.0,0.6,0.6,0.2,0.2,0.8,0.4,0.2,1.0,0.6,0.0,3.1239706575870514,3.328190699219704,3.0304698646068573,3.0252989828586583,3.4366272687911987,3.0
128,1642671201810.jpg,1642671224106.jpg,1642671251173.jpg,1642671270107.jpg,1642671292277.jpg,2,129,1.0,1.0,1.0,0.6,1.0,1.0,1.0,1.0,1.0,0.4,0.8,1.0,1.0,1.0,1.0,0.6,0.8,1.0,0.2,0.0,0.2,0.8,1.0,1.0,0.8,0.0,0.0,1.0,0.0,1.0,0.2,1.0,0.8,0.4,0.0,0.2,0.0,0.0,0.6,0.2,1.0,0.2,0.0,0.0,1.0,0.2,0.2,0.0,0.0,1.0,0.8,0.6,0.8,0.8,0.0,3.856230572797358,3.8990655671805134,3.781320015899837,3.758557064458728,3.895425282418728,1.0
129,1642671847251.jpg,1642671726731.jpg,1642671740003.jpg,1642671757291.jpg,1642671778373.jpg,1,130,1.0,1.0,1.0,0.0,1.0,1.0,0.6,0.4,0.4,0.0,1.0,0.8,1.0,1.0,0.6,0.0,0.8,0.8,0.0,0.0,1.0,1.0,0.2,0.8,0.4,0.2,0.0,1.0,0.2,1.0,0.4,0.8,1.0,0.2,0.0,0.0,0.0,0.0,0.8,0.6,1.0,0.0,0.6,0.2,1.0,0.2,0.2,0.0,0.6,1.0,0.8,0.8,0.4,0.4,0.0,1.421190366148949,1.6480243839323518,1.3239266909658909,1.3503347262740135,1.9318071454763408,1.0
130,1642672223453.jpg,1642672245849.jpg,1642672270785.jpg,1642672288057.jpg,1642672308763.jpg,2,131,0.6,0.4,0.8,0.2,0.8,0.8,0.4,0.4,0.2,0.0,0.8,0.4,0.4,0.4,0.2,0.2,0.8,0.4,0.0,0.0,0.2,0.4,0.0,0.4,0.4,0.4,0.2,0.8,0.2,0.8,0.4,0.8,0.8,0.2,0.2,0.0,0.0,0.0,1.0,0.8,0.8,0.0,0.2,0.6,0.8,0.2,0.2,0.2,0.6,0.8,0.4,0.6,1.0,0.4,0.0,1.1561426436528563,1.2426364403218029,1.1919781155884266,1.3193776905536652,1.6874378845095634,1.0
131,1642675265833.jpg,1642675289224.jpg,1642675309723.jpg,1642675326931.jpg,1642675359474.jpg,2,132,1.0,1.0,1.0,0.8,0.8,1.0,1.0,1.0,1.0,0.6,0.8,1.0,1.0,1.0,1.0,0.8,0.8,1.0,0.8,0.0,1.0,0.8,0.4,1.0,0.8,0.8,0.4,1.0,0.2,1.0,0.0,1.0,1.0,0.2,0.6,0.0,0.0,0.0,0.2,0.2,1.0,0.0,0.2,0.0,1.0,0.2,0.0,0.2,0.0,1.0,0.8,0.6,0.6,0.6,0.2,4.900916278362273,4.927206039428711,4.8057690262794495,4.685835003852843,4.802949666976929,1.0
132,1642675665521.jpg,1642675682974.jpg,1642675713306.jpg,1642675729193.jpg,1642675751546.jpg,2,133,1.0,1.0,1.0,0.8,1.0,1.0,0.8,0.8,0.8,0.6,1.0,1.0,1.0,1.0,1.0,1.0,1.0,1.0,0.8,0.2,0.8,1.0,1.0,1.0,1.0,0.0,0.8,1.0,0.4,1.0,0.4,1.0,0.8,0.6,1.0,0.0,0.2,0.0,0.4,0.4,1.0,0.0,0.0,0.2,1.0,0.6,0.0,0.2,0.2,1.0,0.8,0.2,1.0,0.6,0.0,3.371164247393608,3.546032838523388,3.2352803833782677,3.2234411053359513,3.549381949007511,1.0
133,1642676097655.jpg,1642676122134.jpg,1642676140415.jpg,1642676162294.jpg,1642676185719.jpg,6,134,1.0,1.0,1.0,0.4,1.0,1.0,0.8,0.8,0.8,0.4,0.8,0.8,1.0,1.0,1.0,0.4,1.0,1.0,0.6,0.2,0.8,1.0,1.0,1.0,0.8,0.4,0.6,1.0,0.4,1.0,0.4,1.0,0.8,0.0,0.8,0.4,0.2,0.0,0.8,0.6,1.0,0.6,0.4,0.2,1.0,0.0,0.6,0.4,0.2,1.0,0.8,0.4,0.4,0.4,0.2,4.184398144483566,4.300151318311691,4.0899554938077936,4.036756008863448,4.2369951009750375,3.0
134,1642676579923.jpg,1642676598393.jpg,1642676614595.jpg,1642676634016.jpg,1642676656479.jpg,5,135,1.0,1.0,1.0,0.6,1.0,1.0,1.0,0.6,1.0,0.4,1.0,1.0,1.0,1.0,1.0,0.6,1.0,0.8,0.6,0.2,0.8,0.8,0.8,0.8,0.8,0.2,0.6,1.0,0.0,1.0,0.6,1.0,0.6,0.2,1.0,0.0,0.4,0.0,0.4,0.6,1.0,0.2,0.0,0.2,1.0,0.2,0.0,0.8,0.4,1.0,0.8,0.4,0.8,0.6,0.0,4.722253203392028,4.809525489807129,4.55229377746582,4.345982939004898,4.543902218341827,3.0
135,1642677403526.jpg,1642677441506.jpg,1642677466197.jpg,1642677483652.jpg,1642677517020.jpg,2,136,1.0,0.8,0.8,0.6,1.0,0.8,0.4,0.4,0.6,0.0,0.8,0.4,0.8,0.8,0.8,0.4,1.0,0.6,0.2,0.0,0.4,0.6,0.6,1.0,0.8,0.4,0.4,1.0,0.4,1.0,0.4,1.0,0.8,0.2,0.6,0.0,0.4,0.0,0.6,0.2,1.0,0.0,0.2,0.2,1.0,0.0,0.0,0.4,0.8,0.8,0.6,0.6,0.4,0.2,0.0,2.3954023555852477,2.5893759112805133,2.1720484038814902,2.0195436626672745,2.4553854353725906,1.0
136,1642677881962.jpg,1642677912068.jpg,1642677927979.jpg,1642677948238.jpg,1642677960153.jpg,5,137,1.0,1.0,1.0,0.4,1.0,1.0,0.8,0.8,0.8,0.4,1.0,1.0,1.0,1.0,1.0,0.4,1.0,1.0,0.8,0.0,1.0,1.0,0.2,0.2,0.2,0.8,0.4,1.0,0.4,0.8,1.0,1.0,0.6,0.0,0.2,0.0,0.4,0.0,1.0,0.6,1.0,0.0,0.8,0.4,1.0,0.2,0.4,0.4,0.2,1.0,0.6,0.4,0.6,0.8,0.2,1.2776000133017078,1.37951874663122,1.2505252205301076,1.2660756716504693,1.4770943913608792,3.0
137,1642679418332.jpg,1642679432770.jpg,1642679467742.jpg,1642679488444.jpg,1642679529693.jpg,5,138,0.6,0.8,0.8,0.4,1.0,0.6,0.4,0.4,0.4,0.4,0.6,0.4,0.4,0.4,0.6,0.4,0.8,0.4,0.4,0.0,0.4,0.8,0.6,1.0,0.6,0.4,0.2,1.0,0.2,1.0,0.2,1.0,1.0,0.6,0.4,0.0,0.2,0.2,0.4,0.4,0.8,0.0,0.4,0.2,1.0,0.4,0.2,0.2,0.2,1.0,0.8,0.8,0.8,0.4,0.6,2.037203415849945,2.117971881874837,1.9626233484596012,1.887716667726636,2.066436018794775,3.0
138,1642680051599.jpg,1642680074547.jpg,1642680115203.jpg,1642680133023.jpg,1642680169625.jpg,5,139,1.0,1.0,1.0,0.8,0.8,1.0,1.0,1.0,1.0,0.6,1.0,1.0,1.0,1.0,1.0,0.8,0.8,1.0,0.2,0.2,0.8,1.0,0.4,1.0,0.6,0.0,0.2,1.0,0.2,1.0,0.6,1.0,0.6,0.2,0.2,0.0,0.0,0.0,0.8,0.6,1.0,0.0,0.0,0.2,1.0,0.4,0.8,0.0,0.0,1.0,0.6,0.6,1.0,0.8,0.0,4.209761559963226,4.397874057292938,3.938378274440765,3.754746556282044,4.186579525470734,3.0
139,1642680511426.jpg,1642680544593.jpg,1642680578676.jpg,1642680610492.jpg,1642680632509.jpg,5,140,1.0,1.0,1.0,0.8,1.0,1.0,1.0,1.0,1.0,0.8,1.0,1.0,1.0,1.0,1.0,0.8,0.8,0.8,0.8,0.6,0.8,0.8,0.6,1.0,0.6,0.6,0.8,1.0,0.4,1.0,0.8,1.0,0.6,0.2,0.8,0.2,0.2,0.0,0.8,0.4,1.0,0.2,0.2,0.2,1.0,0.2,0.6,0.2,0.0,1.0,0.4,0.0,0.6,0.6,0.2,3.9553353493101895,3.9717908380553126,3.92334470525384,3.9127257466316223,3.973239623010159,3.0
140,1642680899168.jpg,1642680930741.jpg,1642680955118.jpg,1642680974623.jpg,1642680990179.jpg,5,141,0.8,0.8,1.0,0.8,1.0,0.8,0.8,0.8,0.8,0.4,0.8,0.8,0.8,0.8,0.8,0.8,1.0,0.8,0.6,0.0,0.6,0.8,0.8,0.8,1.0,0.4,0.2,1.0,0.0,1.0,0.8,1.0,1.0,0.2,0.2,0.2,0.0,0.0,0.6,0.0,1.0,0.0,0.4,0.2,1.0,0.0,0.2,0.0,0.4,0.8,0.6,0.0,0.2,0.4,0.0,3.1639895737171173,3.4717329740524288,3.015360534191132,3.114182412624359,3.687547624111176,3.0
141,1642681265755.jpg,1642681283416.jpg,1642681302096.jpg,1642681328045.jpg,1642681352023.jpg,1,142,1.0,1.0,1.0,0.4,1.0,1.0,0.6,0.4,0.4,0.2,1.0,1.0,0.8,0.8,0.4,0.4,1.0,1.0,0.2,0.0,0.2,0.4,0.6,0.6,0.4,0.2,0.2,0.8,0.2,0.8,0.0,0.8,0.6,0.2,0.4,0.6,0.0,0.0,0.2,0.0,0.8,0.2,0.2,0.0,0.8,0.0,0.4,0.2,0.2,1.0,0.4,0.4,1.0,0.4,0.0,2.0684817731380463,2.1865160763263702,2.033982815220952,2.1135815270245075,2.5126149132847786,1.0
142,1642681652395.jpg,1642681670719.jpg,1642681689127.jpg,1642681709595.jpg,1642681734054.jpg,6,143,1.0,1.0,1.0,0.6,1.0,1.0,1.0,0.8,1.0,0.4,1.0,1.0,1.0,1.0,1.0,0.6,1.0,1.0,0.8,0.2,1.0,1.0,0.6,0.8,0.2,0.4,0.6,1.0,0.4,1.0,0.2,1.0,0.8,0.2,0.4,0.0,0.0,0.0,0.8,0.4,1.0,0.0,0.4,0.0,1.0,0.2,0.4,0.0,0.2,1.0,0.8,0.6,0.6,0.4,0.0,3.9852851182222366,4.085138276219368,3.8909219503402714,3.889555796980858,4.1684413850307465,3.0
143,1642682394318.jpg,1642682409242.jpg,1642682428935.jpg,1642682445785.jpg,1642682462059.jpg,5,144,0.8,1.0,1.0,0.6,0.8,1.0,0.8,0.4,0.6,0.4,0.6,0.8,0.8,1.0,1.0,0.8,0.6,1.0,0.6,0.2,0.6,0.8,0.4,0.8,0.8,0.2,0.4,0.8,0.2,0.8,0.0,0.8,0.8,0.6,0.0,0.2,0.4,0.0,0.6,0.4,0.8,0.2,0.4,0.4,1.0,0.6,0.0,0.2,0.2,1.0,0.8,0.6,0.6,0.6,0.2,2.9258315209299326,3.0985049903392787,2.841896172612905,2.8264160528779034,3.213672369718552,3.0
144,1642682729408.jpg,1642682748300.jpg,1642682766120.jpg,1642682779189.jpg,1642682793319.jpg,1,145,0.6,0.6,0.8,0.2,0.4,0.6,0.4,0.4,0.4,0.2,0.2,0.4,0.6,0.6,0.6,0.2,0.2,0.4,0.4,0.2,0.2,0.6,0.2,1.0,0.2,0.0,0.2,1.0,0.2,0.8,0.2,0.8,1.0,0.6,0.0,0.0,0.0,0.0,0.6,0.2,1.0,0.4,0.4,0.6,0.8,0.6,0.4,0.0,0.2,1.0,0.6,0.8,0.8,0.6,0.0,1.4379632424097508,1.6207765699364245,1.4099864708259702,1.4773380076512694,1.889531243592501,1.0
145,1642683123095.jpg,1642683152945.jpg,1642683167814.jpg,1642683178555.jpg,1642683192099.jpg,3,146,1.0,1.0,1.0,0.4,1.0,1.0,0.8,0.8,1.0,0.2,1.0,0.6,0.6,0.8,0.8,0.4,1.0,0.6,0.8,0.4,0.8,0.8,0.6,1.0,0.6,0.6,0.2,0.8,0.4,0.8,0.4,0.8,0.6,0.4,0.8,0.0,0.6,0.0,0.6,0.4,0.8,0.0,0.2,0.0,1.0,0.2,0.0,0.6,0.2,1.0,0.8,0.8,0.4,0.2,0.0,4.464539110660553,4.599907577037811,4.2708474695682535,4.132026821374893,4.377038478851318,2.0
146,1642683477767.jpg,1642683506011.jpg,1642683520587.jpg,1642683535696.jpg,1642683556823.jpg,2,147,1.0,1.0,1.0,0.8,0.8,0.8,0.8,0.8,0.8,0.8,0.8,0.8,1.0,1.0,1.0,0.8,0.8,0.8,0.4,0.0,0.4,1.0,0.8,1.0,1.0,0.0,0.2,1.0,0.0,1.0,0.2,1.0,0.8,0.0,0.0,0.2,0.0,0.0,1.0,0.8,1.0,0.2,0.4,0.4,1.0,0.2,0.2,0.0,0.4,1.0,0.6,0.2,0.4,0.4,0.0,3.4191969234962016,3.547058583702892,3.247164463624358,3.1789305210113525,3.5134519040584564,1.0
147,1642684382014.jpg,1642684320252.jpg,1642684344392.jpg,1642684413583.jpg,1642684436046.jpg,2,148,1.0,1.0,1.0,0.8,1.0,1.0,1.0,1.0,1.0,0.8,0.8,1.0,1.0,1.0,1.0,0.8,0.8,1.0,0.8,0.0,0.8,1.0,0.6,0.8,0.8,0.2,0.6,1.0,0.0,1.0,0.4,1.0,0.8,0.4,0.4,0.2,0.0,0.0,0.8,0.6,1.0,0.2,0.2,0.6,1.0,0.2,0.4,0.0,0.0,1.0,0.6,0.2,0.8,0.8,0.0,4.934213101863861,4.9490013122558585,4.8675888776779175,4.798591196537019,4.871262490749358,1.0
148,1642684638421.jpg,1642684695262.jpg,1642684713593.jpg,1642684728862.jpg,1642684752071.jpg,1,149,0.6,0.6,0.6,0.2,1.0,1.0,0.4,0.4,0.2,0.0,0.6,0.6,0.6,0.6,0.6,0.2,1.0,0.6,0.2,0.0,0.6,0.6,0.2,1.0,0.4,0.0,0.0,0.6,0.0,0.6,0.2,0.6,1.0,0.6,0.0,0.0,0.0,0.0,0.8,0.4,0.6,0.0,0.4,0.2,1.0,0.4,0.6,0.0,0.6,0.6,0.6,0.6,0.6,0.6,0.0,2.5553398029878736,2.715960804373026,2.4438730031251907,2.4890497252345085,2.919770285487175,1.0
149,1642685285370.jpg,1642685338321.jpg,1642685352342.jpg,1642685366754.jpg,1642685402392.jpg,1,150,1.0,1.0,1.0,1.0,1.0,1.0,1.0,0.8,0.8,0.6,1.0,1.0,1.0,1.0,1.0,1.0,1.0,1.0,0.8,0.2,0.6,1.0,0.4,0.8,0.8,0.4,0.6,1.0,0.6,1.0,0.6,1.0,0.4,0.2,1.0,0.0,0.4,0.0,0.2,0.2,0.8,0.0,0.0,0.0,1.0,0.0,0.2,0.4,0.2,1.0,0.8,0.6,0.8,0.4,0.0,4.6074689626693734,4.703890144824982,4.417487323284148,4.279859662055968,4.519601583480835,1.0
150,1642685785931.jpg,1642685824318.jpg,1642685840637.jpg,1642685867537.jpg,1642685897421.jpg,2,151,1.0,0.8,1.0,0.6,1.0,1.0,0.6,0.6,0.8,0.2,0.8,0.6,1.0,0.8,0.8,0.6,0.6,0.8,0.4,0.4,0.8,0.8,0.6,1.0,1.0,0.4,0.4,1.0,0.2,1.0,0.0,1.0,0.6,0.4,0.2,0.0,0.2,0.0,0.4,0.4,0.8,0.0,0.0,0.0,1.0,0.2,0.6,0.0,0.2,1.0,1.0,0.8,0.6,0.6,0.0,3.866677648387849,3.903481571469456,3.770308535080403,3.7173686334863305,3.8474603295326233,1.0